season,abv,w,l,games,win_pct,conference,division
2025,ATL,40,42,82,0.49,Eastern,Southeast
2025,BOS,61,21,82,0.74,Eastern,Atlantic
2025,BRK,26,56,82,0.32,Eastern,Atlantic
2025,CHI,39,43,82,0.48,Eastern,Central
2025,CHO,19,63,82,0.23,Eastern,Southeast
2025,CLE,64,18,82,0.78,Eastern,Central
2025,DAL,39,43,82,0.48,Western,Southwest
2025,DEN,50,32,82,0.61,Western,Northwest
2025,DET,44,38,82,0.54,Eastern,Central
2025,GSW,48,34,82,0.59,Western,Pacific
2025,HOU,52,30,82,0.63,Western,Southwest
2025,IND,50,32,82,0.61,Eastern,Central
2025,LAC,50,32,82,0.61,Western,Pacific
2025,LAL,50,32,82,0.61,Western,Pacific
2025,MEM,48,34,82,0.59,Western,Southwest
2025,MIA,37,45,82,0.45,Eastern,Southeast
2025,MIL,48,34,82,0.59,Eastern,Central
2025,MIN,49,33,82,0.6,Western,Northwest
2025,NOP,21,61,82,0.26,Western,Southwest
2025,NYK,51,31,82,0.62,Eastern,Atlantic
2025,OKC,68,14,82,0.83,Western,Northwest
2025,ORL,41,41,82,0.5,Eastern,Southeast
2025,PHI,24,58,82,0.29,Eastern,Atlantic
2025,PHO,36,46,82,0.44,Western,Pacific
2025,POR,36,46,82,0.44,Western,Northwest
2025,SAC,40,42,82,0.49,Western,Pacific
2025,SAS,34,48,82,0.41,Western,Southwest
2025,TOR,30,52,82,0.37,Eastern,Atlantic
2025,UTA,17,65,82,0.21,Western,Northwest
2025,WAS,18,64,82,0.22,Eastern,Southeast
2024,ATL,36,46,82,0.44,Eastern,Southeast
2024,BOS,64,18,82,0.78,Eastern,Atlantic
2024,BRK,32,50,82,0.39,Eastern,Atlantic
2024,CHI,39,43,82,0.48,Eastern,Central
2024,CHO,21,61,82,0.26,Eastern,Southeast
2024,CLE,48,34,82,0.59,Eastern,Central
2024,DAL,50,32,82,0.61,Western,Southwest
2024,DEN,57,25,82,0.7,Western,Northwest
2024,DET,14,68,82,0.17,Eastern,Central
2024,GSW,46,36,82,0.56,Western,Pacific
2024,HOU,41,41,82,0.5,Western,Southwest
2024,IND,47,35,82,0.57,Eastern,Central
2024,LAC,51,31,82,0.62,Western,Pacific
2024,LAL,47,35,82,0.57,Western,Pacific
2024,MEM,27,55,82,0.33,Western,Southwest
2024,MIA,46,36,82,0.56,Eastern,Southeast
2024,MIL,49,33,82,0.6,Eastern,Central
2024,MIN,56,26,82,0.68,Western,Northwest
2024,NOP,49,33,82,0.6,Western,Southwest
2024,NYK,50,32,82,0.61,Eastern,Atlantic
2024,OKC,57,25,82,0.7,Western,Northwest
2024,ORL,47,35,82,0.57,Eastern,Southeast
2024,PHI,47,35,82,0.57,Eastern,Atlantic
2024,PHO,49,33,82,0.6,Western,Pacific
2024,POR,21,61,82,0.26,Western,Northwest
2024,SAC,46,36,82,0.56,Western,Pacific
2024,SAS,22,60,82,0.27,Western,Southwest
2024,TOR,25,57,82,0.3,Eastern,Atlantic
2024,UTA,31,51,82,0.38,Western,Northwest
2024,WAS,15,67,82,0.18,Eastern,Southeast
2023,ATL,41,41,82,0.5,Eastern,Southeast
2023,BOS,57,25,82,0.7,Eastern,Atlantic
2023,BRK,45,37,82,0.55,Eastern,Atlantic
2023,CHI,40,42,82,0.49,Eastern,Central
2023,CHO,27,55,82,0.33,Eastern,Southeast
2023,CLE,51,31,82,0.62,Eastern,Central
2023,DAL,38,44,82,0.46,Western,Southwest
2023,DEN,53,29,82,0.65,Western,Northwest
2023,DET,17,65,82,0.21,Eastern,Central
2023,GSW,44,38,82,0.54,Western,Pacific
2023,HOU,22,60,82,0.27,Western,Southwest
2023,IND,35,47,82,0.43,Eastern,Central
2023,LAC,44,38,82,0.54,Western,Pacific
2023,LAL,43,39,82,0.52,Western,Pacific
2023,MEM,51,31,82,0.62,Western,Southwest
2023,MIA,44,38,82,0.54,Eastern,Southeast
2023,MIL,58,24,82,0.71,Eastern,Central
2023,MIN,42,40,82,0.51,Western,Northwest
2023,NOP,42,40,82,0.51,Western,Southwest
2023,NYK,47,35,82,0.57,Eastern,Atlantic
2023,OKC,40,42,82,0.49,Western,Northwest
2023,ORL,34,48,82,0.41,Eastern,Southeast
2023,PHI,54,28,82,0.66,Eastern,Atlantic
2023,PHO,45,37,82,0.55,Western,Pacific
2023,POR,33,49,82,0.4,Western,Northwest
2023,SAC,48,34,82,0.59,Western,Pacific
2023,SAS,22,60,82,0.27,Western,Southwest
2023,TOR,41,41,82,0.5,Eastern,Atlantic
2023,UTA,37,45,82,0.45,Western,Northwest
2023,WAS,35,47,82,0.43,Eastern,Southeast
2022,ATL,43,39,82,0.52,Eastern,Southeast
2022,BOS,51,31,82,0.62,Eastern,Atlantic
2022,BRK,44,38,82,0.54,Eastern,Atlantic
2022,CHI,46,36,82,0.56,Eastern,Central
2022,CHO,43,39,82,0.52,Eastern,Southeast
2022,CLE,44,38,82,0.54,Eastern,Central
2022,DAL,52,30,82,0.63,Western,Southwest
2022,DEN,48,34,82,0.59,Western,Northwest
2022,DET,23,59,82,0.28,Eastern,Central
2022,GSW,53,29,82,0.65,Western,Pacific
2022,HOU,20,62,82,0.24,Western,Southwest
2022,IND,25,57,82,0.3,Eastern,Central
2022,LAC,42,40,82,0.51,Western,Pacific
2022,LAL,33,49,82,0.4,Western,Pacific
2022,MEM,56,26,82,0.68,Western,Southwest
2022,MIA,53,29,82,0.65,Eastern,Southeast
2022,MIL,51,31,82,0.62,Eastern,Central
2022,MIN,46,36,82,0.56,Western,Northwest
2022,NOP,36,46,82,0.44,Western,Southwest
2022,NYK,37,45,82,0.45,Eastern,Atlantic
2022,OKC,24,58,82,0.29,Western,Northwest
2022,ORL,22,60,82,0.27,Eastern,Southeast
2022,PHI,51,31,82,0.62,Eastern,Atlantic
2022,PHO,64,18,82,0.78,Western,Pacific
2022,POR,27,55,82,0.33,Western,Northwest
2022,SAC,30,52,82,0.37,Western,Pacific
2022,SAS,34,48,82,0.41,Western,Southwest
2022,TOR,48,34,82,0.59,Eastern,Atlantic
2022,UTA,49,33,82,0.6,Western,Northwest
2022,WAS,35,47,82,0.43,Eastern,Southeast
2019,ATL,29,53,82,0.35,Eastern,Southeast
2019,BOS,49,33,82,0.6,Eastern,Atlantic
2019,BRK,42,40,82,0.51,Eastern,Atlantic
2019,CHI,22,60,82,0.27,Eastern,Central
2019,CHO,39,43,82,0.48,Eastern,Southeast
2019,CLE,19,63,82,0.23,Eastern,Central
2019,DAL,33,49,82,0.4,Western,Southwest
2019,DEN,54,28,82,0.66,Western,Northwest
2019,DET,41,41,82,0.5,Eastern,Central
2019,GSW,57,25,82,0.7,Western,Pacific
2019,HOU,53,29,82,0.65,Western,Southwest
2019,IND,48,34,82,0.59,Eastern,Central
2019,LAC,48,34,82,0.59,Western,Pacific
2019,LAL,37,45,82,0.45,Western,Pacific
2019,MEM,33,49,82,0.4,Western,Southwest
2019,MIA,39,43,82,0.48,Eastern,Southeast
2019,MIL,60,22,82,0.73,Eastern,Central
2019,MIN,36,46,82,0.44,Western,Northwest
2019,NOP,33,49,82,0.4,Western,Southwest
2019,NYK,17,65,82,0.21,Eastern,Atlantic
2019,OKC,49,33,82,0.6,Western,Northwest
2019,ORL,42,40,82,0.51,Eastern,Southeast
2019,PHI,51,31,82,0.62,Eastern,Atlantic
2019,PHO,19,63,82,0.23,Western,Pacific
2019,POR,53,29,82,0.65,Western,Northwest
2019,SAC,39,43,82,0.48,Western,Pacific
2019,SAS,48,34,82,0.59,Western,Southwest
2019,TOR,58,24,82,0.71,Eastern,Atlantic
2019,UTA,50,32,82,0.61,Western,Northwest
2019,WAS,32,50,82,0.39,Eastern,Southeast
2018,ATL,24,58,82,0.29,Eastern,Southeast
2018,BOS,55,27,82,0.67,Eastern,Atlantic
2018,BRK,28,54,82,0.34,Eastern,Atlantic
2018,CHI,27,55,82,0.33,Eastern,Central
2018,CHO,36,46,82,0.44,Eastern,Southeast
2018,CLE,50,32,82,0.61,Eastern,Central
2018,DAL,24,58,82,0.29,Western,Southwest
2018,DEN,46,36,82,0.56,Western,Northwest
2018,DET,39,43,82,0.48,Eastern,Central
2018,GSW,58,24,82,0.71,Western,Pacific
2018,HOU,65,17,82,0.79,Western,Southwest
2018,IND,48,34,82,0.59,Eastern,Central
2018,LAC,42,40,82,0.51,Western,Pacific
2018,LAL,35,47,82,0.43,Western,Pacific
2018,MEM,22,60,82,0.27,Western,Southwest
2018,MIA,44,38,82,0.54,Eastern,Southeast
2018,MIL,44,38,82,0.54,Eastern,Central
2018,MIN,47,35,82,0.57,Western,Northwest
2018,NOP,48,34,82,0.59,Western,Southwest
2018,NYK,29,53,82,0.35,Eastern,Atlantic
2018,OKC,48,34,82,0.59,Western,Northwest
2018,ORL,25,57,82,0.3,Eastern,Southeast
2018,PHI,52,30,82,0.63,Eastern,Atlantic
2018,PHO,21,61,82,0.26,Western,Pacific
2018,POR,49,33,82,0.6,Western,Northwest
2018,SAC,27,55,82,0.33,Western,Pacific
2018,SAS,47,35,82,0.57,Western,Southwest
2018,TOR,59,23,82,0.72,Eastern,Atlantic
2018,UTA,48,34,82,0.59,Western,Northwest
2018,WAS,43,39,82,0.52,Eastern,Southeast
2017,ATL,43,39,82,0.52,Eastern,Southeast
2017,BOS,53,29,82,0.65,Eastern,Atlantic
2017,BRK,20,62,82,0.24,Eastern,Atlantic
2017,CHI,41,41,82,0.5,Eastern,Central
2017,CHO,36,46,82,0.44,Eastern,Southeast
2017,CLE,51,31,82,0.62,Eastern,Central
2017,DAL,33,49,82,0.4,Western,Southwest
2017,DEN,40,42,82,0.49,Western,Northwest
2017,DET,37,45,82,0.45,Eastern,Central
2017,GSW,67,15,82,0.82,Western,Pacific
2017,HOU,55,27,82,0.67,Western,Southwest
2017,IND,42,40,82,0.51,Eastern,Central
2017,LAC,51,31,82,0.62,Western,Pacific
2017,LAL,26,56,82,0.32,Western,Pacific
2017,MEM,43,39,82,0.52,Western,Southwest
2017,MIA,41,41,82,0.5,Eastern,Southeast
2017,MIL,42,40,82,0.51,Eastern,Central
2017,MIN,31,51,82,0.38,Western,Northwest
2017,NOP,34,48,82,0.41,Western,Southwest
2017,NYK,31,51,82,0.38,Eastern,Atlantic
2017,OKC,47,35,82,0.57,Western,Northwest
2017,ORL,29,53,82,0.35,Eastern,Southeast
2017,PHI,28,54,82,0.34,Eastern,Atlantic
2017,PHO,24,58,82,0.29,Western,Pacific
2017,POR,41,41,82,0.5,Western,Northwest
2017,SAC,32,50,82,0.39,Western,Pacific
2017,SAS,61,21,82,0.74,Western,Southwest
2017,TOR,51,31,82,0.62,Eastern,Atlantic
2017,UTA,51,31,82,0.62,Western,Northwest
2017,WAS,49,33,82,0.6,Eastern,Southeast
2016,ATL,48,34,82,0.59,Eastern,Southeast
2016,BOS,48,34,82,0.59,Eastern,Atlantic
2016,BRK,21,61,82,0.26,Eastern,Atlantic
2016,CHI,42,40,82,0.51,Eastern,Central
2016,CHO,48,34,82,0.59,Eastern,Southeast
2016,CLE,57,25,82,0.7,Eastern,Central
2016,DAL,42,40,82,0.51,Western,Southwest
2016,DEN,33,49,82,0.4,Western,Northwest
2016,DET,44,38,82,0.54,Eastern,Central
2016,GSW,73,9,82,0.89,Western,Pacific
2016,HOU,41,41,82,0.5,Western,Southwest
2016,IND,45,37,82,0.55,Eastern,Central
2016,LAC,53,29,82,0.65,Western,Pacific
2016,LAL,17,65,82,0.21,Western,Pacific
2016,MEM,42,40,82,0.51,Western,Southwest
2016,MIA,48,34,82,0.59,Eastern,Southeast
2016,MIL,33,49,82,0.4,Eastern,Central
2016,MIN,29,53,82,0.35,Western,Northwest
2016,NOP,30,52,82,0.37,Western,Southwest
2016,NYK,32,50,82,0.39,Eastern,Atlantic
2016,OKC,55,27,82,0.67,Western,Northwest
2016,ORL,35,47,82,0.43,Eastern,Southeast
2016,PHI,10,72,82,0.12,Eastern,Atlantic
2016,PHO,23,59,82,0.28,Western,Pacific
2016,POR,44,38,82,0.54,Western,Northwest
2016,SAC,33,49,82,0.4,Western,Pacific
2016,SAS,67,15,82,0.82,Western,Southwest
2016,TOR,56,26,82,0.68,Eastern,Atlantic
2016,UTA,40,42,82,0.49,Western,Northwest
2016,WAS,41,41,82,0.5,Eastern,Southeast
2015,ATL,60,22,82,0.73,Eastern,Southeast
2015,BOS,40,42,82,0.49,Eastern,Atlantic
2015,BRK,38,44,82,0.46,Eastern,Atlantic
2015,CHI,50,32,82,0.61,Eastern,Central
2015,CHO,33,49,82,0.4,Eastern,Southeast
2015,CLE,53,29,82,0.65,Eastern,Central
2015,DAL,50,32,82,0.61,Western,Southwest
2015,DEN,30,52,82,0.37,Western,Northwest
2015,DET,32,50,82,0.39,Eastern,Central
2015,GSW,67,15,82,0.82,Western,Pacific
2015,HOU,56,26,82,0.68,Western,Southwest
2015,IND,38,44,82,0.46,Eastern,Central
2015,LAC,56,26,82,0.68,Western,Pacific
2015,LAL,21,61,82,0.26,Western,Pacific
2015,MEM,55,27,82,0.67,Western,Southwest
2015,MIA,37,45,82,0.45,Eastern,Southeast
2015,MIL,41,41,82,0.5,Eastern,Central
2015,MIN,16,66,82,0.2,Western,Northwest
2015,NOP,45,37,82,0.55,Western,Southwest
2015,NYK,17,65,82,0.21,Eastern,Atlantic
2015,OKC,45,37,82,0.55,Western,Northwest
2015,ORL,25,57,82,0.3,Eastern,Southeast
2015,PHI,18,64,82,0.22,Eastern,Atlantic
2015,PHO,39,43,82,0.48,Western,Pacific
2015,POR,51,31,82,0.62,Western,Northwest
2015,SAC,29,53,82,0.35,Western,Pacific
2015,SAS,55,27,82,0.67,Western,Southwest
2015,TOR,49,33,82,0.6,Eastern,Atlantic
2015,UTA,38,44,82,0.46,Western,Northwest
2015,WAS,46,36,82,0.56,Eastern,Southeast
2014,ATL,38,44,82,0.46,Eastern,Southeast
2014,BOS,25,57,82,0.3,Eastern,Atlantic
2014,BRK,44,38,82,0.54,Eastern,Atlantic
2014,CHA,43,39,82,0.52,Eastern,Southeast
2014,CHA,43,39,82,0.52,Eastern,Southeast
2014,CHI,48,34,82,0.59,Eastern,Central
2014,CLE,33,49,82,0.4,Eastern,Central
2014,DAL,49,33,82,0.6,Western,Southwest
2014,DEN,36,46,82,0.44,Western,Northwest
2014,DET,29,53,82,0.35,Eastern,Central
2014,GSW,51,31,82,0.62,Western,Pacific
2014,HOU,54,28,82,0.66,Western,Southwest
2014,IND,56,26,82,0.68,Eastern,Central
2014,LAC,57,25,82,0.7,Western,Pacific
2014,LAL,27,55,82,0.33,Western,Pacific
2014,MEM,50,32,82,0.61,Western,Southwest
2014,MIA,54,28,82,0.66,Eastern,Southeast
2014,MIL,15,67,82,0.18,Eastern,Central
2014,MIN,40,42,82,0.49,Western,Northwest
2014,NOP,34,48,82,0.41,Western,Southwest
2014,NYK,37,45,82,0.45,Eastern,Atlantic
2014,OKC,59,23,82,0.72,Western,Northwest
2014,ORL,23,59,82,0.28,Eastern,Southeast
2014,PHI,19,63,82,0.23,Eastern,Atlantic
2014,PHO,48,34,82,0.59,Western,Pacific
2014,POR,54,28,82,0.66,Western,Northwest
2014,SAC,28,54,82,0.34,Western,Pacific
2014,SAS,62,20,82,0.76,Western,Southwest
2014,TOR,48,34,82,0.59,Eastern,Atlantic
2014,UTA,25,57,82,0.3,Western,Northwest
2014,WAS,44,38,82,0.54,Eastern,Southeast
2013,ATL,44,38,82,0.54,Eastern,Southeast
2013,BOS,41,40,81,0.51,Eastern,Atlantic
2013,BRK,49,33,82,0.6,Eastern,Atlantic
2013,CHA,21,61,82,0.26,Eastern,Southeast
2013,CHI,45,37,82,0.55,Eastern,Central
2013,CLE,24,58,82,0.29,Eastern,Central
2013,DAL,41,41,82,0.5,Western,Southwest
2013,DEN,57,25,82,0.7,Western,Northwest
2013,DET,29,53,82,0.35,Eastern,Central
2013,GSW,47,35,82,0.57,Western,Pacific
2013,HOU,45,37,82,0.55,Western,Southwest
2013,IND,49,32,81,0.6,Eastern,Central
2013,LAC,56,26,82,0.68,Western,Pacific
2013,LAL,45,37,82,0.55,Western,Pacific
2013,MEM,56,26,82,0.68,Western,Southwest
2013,MIA,66,16,82,0.8,Eastern,Southeast
2013,MIL,38,44,82,0.46,Eastern,Central
2013,MIN,31,51,82,0.38,Western,Northwest
2013,NOH,27,55,82,0.33,Western,Southwest
2013,NYK,54,28,82,0.66,Eastern,Atlantic
2013,OKC,60,22,82,0.73,Western,Northwest
2013,ORL,20,62,82,0.24,Eastern,Southeast
2013,PHI,34,48,82,0.41,Eastern,Atlantic
2013,PHO,25,57,82,0.3,Western,Pacific
2013,POR,33,49,82,0.4,Western,Northwest
2013,SAC,28,54,82,0.34,Western,Pacific
2013,SAS,58,24,82,0.71,Western,Southwest
2013,TOR,34,48,82,0.41,Eastern,Atlantic
2013,UTA,43,39,82,0.52,Western,Northwest
2013,WAS,29,53,82,0.35,Eastern,Southeast
2012,ATL,40,26,66,0.61,Eastern,Southeast
2012,BOS,39,27,66,0.59,Eastern,Atlantic
2012,CHA,7,59,66,0.11,Eastern,Southeast
2012,CHI,50,16,66,0.76,Eastern,Central
2012,CLE,21,45,66,0.32,Eastern,Central
2012,DAL,36,30,66,0.55,Western,Southwest
2012,DEN,38,28,66,0.58,Western,Northwest
2012,DET,25,41,66,0.38,Eastern,Central
2012,GSW,23,43,66,0.35,Western,Pacific
2012,HOU,34,32,66,0.52,Western,Southwest
2012,IND,42,24,66,0.64,Eastern,Central
2012,LAC,40,26,66,0.61,Western,Pacific
2012,LAL,41,25,66,0.62,Western,Pacific
2012,MEM,41,25,66,0.62,Western,Southwest
2012,MIA,46,20,66,0.7,Eastern,Southeast
2012,MIL,31,35,66,0.47,Eastern,Central
2012,MIN,26,40,66,0.39,Western,Northwest
2012,NJN,22,44,66,0.33,Eastern,Atlantic
2012,NOH,21,45,66,0.32,Western,Southwest
2012,NYK,36,30,66,0.55,Eastern,Atlantic
2012,OKC,47,19,66,0.71,Western,Northwest
2012,ORL,37,29,66,0.56,Eastern,Southeast
2012,PHI,35,31,66,0.53,Eastern,Atlantic
2012,PHO,33,33,66,0.5,Western,Pacific
2012,POR,28,38,66,0.42,Western,Northwest
2012,SAC,22,44,66,0.33,Western,Pacific
2012,SAS,50,16,66,0.76,Western,Southwest
2012,TOR,23,43,66,0.35,Eastern,Atlantic
2012,UTA,36,30,66,0.55,Western,Northwest
2012,WAS,20,46,66,0.3,Eastern,Southeast
2011,ATL,44,38,82,0.54,Eastern,Southeast
2011,BOS,56,26,82,0.68,Eastern,Atlantic
2011,CHA,34,48,82,0.41,Eastern,Southeast
2011,CHI,62,20,82,0.76,Eastern,Central
2011,CLE,19,63,82,0.23,Eastern,Central
2011,DAL,57,25,82,0.7,Western,Southwest
2011,DEN,50,32,82,0.61,Western,Northwest
2011,DET,30,52,82,0.37,Eastern,Central
2011,GSW,36,46,82,0.44,Western,Pacific
2011,HOU,43,39,82,0.52,Western,Southwest
2011,IND,37,45,82,0.45,Eastern,Central
2011,LAC,32,50,82,0.39,Western,Pacific
2011,LAL,57,25,82,0.7,Western,Pacific
2011,MEM,46,36,82,0.56,Western,Southwest
2011,MIA,58,24,82,0.71,Eastern,Southeast
2011,MIL,35,47,82,0.43,Eastern,Central
2011,MIN,17,65,82,0.21,Western,Northwest
2011,NJN,24,58,82,0.29,Eastern,Atlantic
2011,NOH,46,36,82,0.56,Western,Southwest
2011,NYK,42,40,82,0.51,Eastern,Atlantic
2011,OKC,55,27,82,0.67,Western,Northwest
2011,ORL,52,30,82,0.63,Eastern,Southeast
2011,PHI,41,41,82,0.5,Eastern,Atlantic
2011,PHO,40,42,82,0.49,Western,Pacific
2011,POR,48,34,82,0.59,Western,Northwest
2011,SAC,24,58,82,0.29,Western,Pacific
2011,SAS,61,21,82,0.74,Western,Southwest
2011,TOR,22,60,82,0.27,Eastern,Atlantic
2011,UTA,39,43,82,0.48,Western,Northwest
2011,WAS,23,59,82,0.28,Eastern,Southeast
2010,ATL,53,29,82,0.65,Eastern,Southeast
2010,BOS,50,32,82,0.61,Eastern,Atlantic
2010,CHA,44,38,82,0.54,Eastern,Southeast
2010,CHI,41,41,82,0.5,Eastern,Central
2010,CLE,61,21,82,0.74,Eastern,Central
2010,DAL,55,27,82,0.67,Western,Southwest
2010,DEN,53,29,82,0.65,Western,Northwest
2010,DET,27,55,82,0.33,Eastern,Central
2010,GSW,26,56,82,0.32,Western,Pacific
2010,HOU,42,40,82,0.51,Western,Southwest
2010,IND,32,50,82,0.39,Eastern,Central
2010,LAC,29,53,82,0.35,Western,Pacific
2010,LAL,57,25,82,0.7,Western,Pacific
2010,MEM,40,42,82,0.49,Western,Southwest
2010,MIA,47,35,82,0.57,Eastern,Southeast
2010,MIL,46,36,82,0.56,Eastern,Central
2010,MIN,15,67,82,0.18,Western,Northwest
2010,NJN,12,70,82,0.15,Eastern,Atlantic
2010,NOH,37,45,82,0.45,Western,Southwest
2010,NYK,29,53,82,0.35,Eastern,Atlantic
2010,OKC,50,32,82,0.61,Western,Northwest
2010,ORL,59,23,82,0.72,Eastern,Southeast
2010,PHI,27,55,82,0.33,Eastern,Atlantic
2010,PHO,54,28,82,0.66,Western,Pacific
2010,POR,50,32,82,0.61,Western,Northwest
2010,SAC,25,57,82,0.3,Western,Pacific
2010,SAS,50,32,82,0.61,Western,Southwest
2010,TOR,40,42,82,0.49,Eastern,Atlantic
2010,UTA,53,29,82,0.65,Western,Northwest
2010,WAS,26,56,82,0.32,Eastern,Southeast
2009,ATL,47,35,82,0.57,Eastern,Southeast
2009,BOS,62,20,82,0.76,Eastern,Atlantic
2009,CHA,35,47,82,0.43,Eastern,Southeast
2009,CHI,41,41,82,0.5,Eastern,Central
2009,CLE,66,16,82,0.8,Eastern,Central
2009,DAL,50,32,82,0.61,Western,Southwest
2009,DEN,54,28,82,0.66,Western,Northwest
2009,DET,39,43,82,0.48,Eastern,Central
2009,GSW,29,53,82,0.35,Western,Pacific
2009,HOU,53,29,82,0.65,Western,Southwest
2009,IND,36,46,82,0.44,Eastern,Central
2009,LAC,19,63,82,0.23,Western,Pacific
2009,LAL,65,17,82,0.79,Western,Pacific
2009,MEM,24,58,82,0.29,Western,Southwest
2009,MIA,43,39,82,0.52,Eastern,Southeast
2009,MIL,34,48,82,0.41,Eastern,Central
2009,MIN,24,58,82,0.29,Western,Northwest
2009,NJN,34,48,82,0.41,Eastern,Atlantic
2009,NOH,49,33,82,0.6,Western,Southwest
2009,NYK,32,50,82,0.39,Eastern,Atlantic
2009,OKC,23,59,82,0.28,Western,Northwest
2009,ORL,59,23,82,0.72,Eastern,Southeast
2009,PHI,41,41,82,0.5,Eastern,Atlantic
2009,PHO,46,36,82,0.56,Western,Pacific
2009,POR,54,28,82,0.66,Western,Northwest
2009,SAC,17,65,82,0.21,Western,Pacific
2009,SAS,54,28,82,0.66,Western,Southwest
2009,TOR,33,49,82,0.4,Eastern,Atlantic
2009,UTA,48,34,82,0.59,Western,Northwest
2009,WAS,19,63,82,0.23,Eastern,Southeast
2008,ATL,37,45,82,0.45,Eastern,Southeast
2008,BOS,66,16,82,0.8,Eastern,Atlantic
2008,CHA,32,50,82,0.39,Eastern,Southeast
2008,CHI,33,49,82,0.4,Eastern,Central
2008,CLE,45,37,82,0.55,Eastern,Central
2008,DAL,51,31,82,0.62,Western,Southwest
2008,DEN,50,32,82,0.61,Western,Northwest
2008,DET,59,23,82,0.72,Eastern,Central
2008,GSW,48,34,82,0.59,Western,Pacific
2008,HOU,55,27,82,0.67,Western,Southwest
2008,IND,36,46,82,0.44,Eastern,Central
2008,LAC,23,59,82,0.28,Western,Pacific
2008,LAL,57,25,82,0.7,Western,Pacific
2008,MEM,22,60,82,0.27,Western,Southwest
2008,MIA,15,67,82,0.18,Eastern,Southeast
2008,MIL,26,56,82,0.32,Eastern,Central
2008,MIN,22,60,82,0.27,Western,Northwest
2008,NJN,34,48,82,0.41,Eastern,Atlantic
2008,NOH,56,26,82,0.68,Western,Southwest
2008,NYK,23,59,82,0.28,Eastern,Atlantic
2008,ORL,52,30,82,0.63,Eastern,Southeast
2008,PHI,40,42,82,0.49,Eastern,Atlantic
2008,PHO,55,27,82,0.67,Western,Pacific
2008,POR,41,41,82,0.5,Western,Northwest
2008,SAC,38,44,82,0.46,Western,Pacific
2008,SAS,56,26,82,0.68,Western,Southwest
2008,SEA,20,62,82,0.24,Western,Northwest
2008,TOR,41,41,82,0.5,Eastern,Atlantic
2008,UTA,54,28,82,0.66,Western,Northwest
2008,WAS,43,39,82,0.52,Eastern,Southeast
2007,ATL,30,52,82,0.37,Eastern,Southeast
2007,BOS,24,58,82,0.29,Eastern,Atlantic
2007,CHA,33,49,82,0.4,Eastern,Southeast
2007,CHI,49,33,82,0.6,Eastern,Central
2007,CLE,50,32,82,0.61,Eastern,Central
2007,DAL,67,15,82,0.82,Western,Southwest
2007,DEN,45,37,82,0.55,Western,Northwest
2007,DET,53,29,82,0.65,Eastern,Central
2007,GSW,42,40,82,0.51,Western,Pacific
2007,HOU,52,30,82,0.63,Western,Southwest
2007,IND,35,47,82,0.43,Eastern,Central
2007,LAC,40,42,82,0.49,Western,Pacific
2007,LAL,42,40,82,0.51,Western,Pacific
2007,MEM,22,60,82,0.27,Western,Southwest
2007,MIA,44,38,82,0.54,Eastern,Southeast
2007,MIL,28,54,82,0.34,Eastern,Central
2007,MIN,32,50,82,0.39,Western,Northwest
2007,NJN,41,41,82,0.5,Eastern,Atlantic
2007,NOK,39,43,82,0.48,Western,Southwest
2007,NYK,33,49,82,0.4,Eastern,Atlantic
2007,ORL,40,42,82,0.49,Eastern,Southeast
2007,PHI,35,47,82,0.43,Eastern,Atlantic
2007,PHO,61,21,82,0.74,Western,Pacific
2007,POR,32,50,82,0.39,Western,Northwest
2007,SAC,33,49,82,0.4,Western,Pacific
2007,SAS,58,24,82,0.71,Western,Southwest
2007,SEA,31,51,82,0.38,Western,Northwest
2007,TOR,47,35,82,0.57,Eastern,Atlantic
2007,UTA,51,31,82,0.62,Western,Northwest
2007,WAS,41,41,82,0.5,Eastern,Southeast
2006,ATL,26,56,82,0.32,Eastern,Southeast
2006,BOS,33,49,82,0.4,Eastern,Atlantic
2006,CHA,26,56,82,0.32,Eastern,Southeast
2006,CHI,41,41,82,0.5,Eastern,Central
2006,CLE,50,32,82,0.61,Eastern,Central
2006,DAL,60,22,82,0.73,Western,Southwest
2006,DEN,44,38,82,0.54,Western,Northwest
2006,DET,64,18,82,0.78,Eastern,Central
2006,GSW,34,48,82,0.41,Western,Pacific
2006,HOU,34,48,82,0.41,Western,Southwest
2006,IND,41,41,82,0.5,Eastern,Central
2006,LAC,47,35,82,0.57,Western,Pacific
2006,LAL,45,37,82,0.55,Western,Pacific
2006,MEM,49,33,82,0.6,Western,Southwest
2006,MIA,52,30,82,0.63,Eastern,Southeast
2006,MIL,40,42,82,0.49,Eastern,Central
2006,MIN,33,49,82,0.4,Western,Northwest
2006,NJN,49,33,82,0.6,Eastern,Atlantic
2006,NOK,38,44,82,0.46,Western,Southwest
2006,NYK,23,59,82,0.28,Eastern,Atlantic
2006,ORL,36,46,82,0.44,Eastern,Southeast
2006,PHI,38,44,82,0.46,Eastern,Atlantic
2006,PHO,54,28,82,0.66,Western,Pacific
2006,POR,21,61,82,0.26,Western,Northwest
2006,SAC,44,38,82,0.54,Western,Pacific
2006,SAS,63,19,82,0.77,Western,Southwest
2006,SEA,35,47,82,0.43,Western,Northwest
2006,TOR,27,55,82,0.33,Eastern,Atlantic
2006,UTA,41,41,82,0.5,Western,Northwest
2006,WAS,42,40,82,0.51,Eastern,Southeast
2005,ATL,13,69,82,0.16,Eastern,Southeast
2005,BOS,45,37,82,0.55,Eastern,Atlantic
2005,CHA,18,64,82,0.22,Eastern,Southeast
2005,CHI,47,35,82,0.57,Eastern,Central
2005,CLE,42,40,82,0.51,Eastern,Central
2005,DAL,58,24,82,0.71,Western,Southwest
2005,DEN,49,33,82,0.6,Western,Northwest
2005,DET,54,28,82,0.66,Eastern,Central
2005,GSW,34,48,82,0.41,Western,Pacific
2005,HOU,51,31,82,0.62,Western,Southwest
2005,IND,44,38,82,0.54,Eastern,Central
2005,LAC,37,45,82,0.45,Western,Pacific
2005,LAL,34,48,82,0.41,Western,Pacific
2005,MEM,45,37,82,0.55,Western,Southwest
2005,MIA,59,23,82,0.72,Eastern,Southeast
2005,MIL,30,52,82,0.37,Eastern,Central
2005,MIN,44,38,82,0.54,Western,Northwest
2005,NJN,42,40,82,0.51,Eastern,Atlantic
2005,NOH,18,64,82,0.22,Western,Southwest
2005,NYK,33,49,82,0.4,Eastern,Atlantic
2005,ORL,36,46,82,0.44,Eastern,Southeast
2005,PHI,43,39,82,0.52,Eastern,Atlantic
2005,PHO,62,20,82,0.76,Western,Pacific
2005,POR,27,55,82,0.33,Western,Northwest
2005,SAC,50,32,82,0.61,Western,Pacific
2005,SAS,59,23,82,0.72,Western,Southwest
2005,SEA,52,30,82,0.63,Western,Northwest
2005,TOR,33,49,82,0.4,Eastern,Atlantic
2005,UTA,26,56,82,0.32,Western,Northwest
2005,WAS,45,37,82,0.55,Eastern,Southeast
2004,ATL,28,54,82,0.34,Eastern,Southeast
2004,BOS,36,46,82,0.44,Eastern,Atlantic
2004,CHI,23,59,82,0.28,Eastern,Central
2004,CLE,35,47,82,0.43,Eastern,Central
2004,DAL,52,30,82,0.63,Western,Southwest
2004,DEN,43,39,82,0.52,Western,Northwest
2004,DET,54,28,82,0.66,Eastern,Central
2004,GSW,37,45,82,0.45,Western,Pacific
2004,HOU,45,37,82,0.55,Western,Southwest
2004,IND,61,21,82,0.74,Eastern,Central
2004,LAC,28,54,82,0.34,Western,Pacific
2004,LAL,56,26,82,0.68,Western,Pacific
2004,MEM,50,32,82,0.61,Western,Southwest
2004,MIA,42,40,82,0.51,Eastern,Southeast
2004,MIL,41,41,82,0.5,Eastern,Central
2004,MIN,58,24,82,0.71,Western,Northwest
2004,NJN,47,35,82,0.57,Eastern,Atlantic
2004,NOH,41,41,82,0.5,Western,Southwest
2004,NYK,39,43,82,0.48,Eastern,Atlantic
2004,ORL,21,61,82,0.26,Eastern,Southeast
2004,PHI,33,49,82,0.4,Eastern,Atlantic
2004,PHO,29,53,82,0.35,Western,Pacific
2004,POR,41,41,82,0.5,Western,Northwest
2004,SAC,55,27,82,0.67,Western,Pacific
2004,SAS,57,25,82,0.7,Western,Southwest
2004,SEA,37,45,82,0.45,Western,Northwest
2004,TOR,33,49,82,0.4,Eastern,Atlantic
2004,UTA,42,40,82,0.51,Western,Northwest
2004,WAS,25,57,82,0.3,Eastern,Southeast
2003,ATL,35,47,82,0.43,Eastern,Central
2003,BOS,44,38,82,0.54,Eastern,Atlantic
2003,CHI,30,52,82,0.37,Eastern,Central
2003,CLE,17,65,82,0.21,Eastern,Central
2003,DAL,60,22,82,0.73,Western,Midwest
2003,DEN,17,65,82,0.21,Western,Midwest
2003,DET,50,32,82,0.61,Eastern,Central
2003,GSW,38,44,82,0.46,Western,Pacific
2003,HOU,43,39,82,0.52,Western,Midwest
2003,IND,48,34,82,0.59,Eastern,Central
2003,LAC,27,55,82,0.33,Western,Pacific
2003,LAL,50,32,82,0.61,Western,Pacific
2003,MEM,28,54,82,0.34,Western,Midwest
2003,MIA,25,57,82,0.3,Eastern,Atlantic
2003,MIL,42,40,82,0.51,Eastern,Central
2003,MIN,51,31,82,0.62,Western,Midwest
2003,NJN,49,33,82,0.6,Eastern,Atlantic
2003,NOH,47,35,82,0.57,Eastern,Central
2003,NYK,37,45,82,0.45,Eastern,Atlantic
2003,ORL,42,40,82,0.51,Eastern,Atlantic
2003,PHI,48,34,82,0.59,Eastern,Atlantic
2003,PHO,44,38,82,0.54,Western,Pacific
2003,POR,50,32,82,0.61,Western,Pacific
2003,SAC,59,23,82,0.72,Western,Pacific
2003,SAS,60,22,82,0.73,Western,Midwest
2003,SEA,40,42,82,0.49,Western,Pacific
2003,TOR,24,58,82,0.29,Eastern,Central
2003,UTA,47,35,82,0.57,Western,Midwest
2003,WAS,37,45,82,0.45,Eastern,Atlantic
2002,ATL,33,49,82,0.4,Eastern,Central
2002,BOS,49,33,82,0.6,Eastern,Atlantic
2002,CHH,44,38,82,0.54,Eastern,Central
2002,CHI,21,61,82,0.26,Eastern,Central
2002,CLE,29,53,82,0.35,Eastern,Central
2002,DAL,57,25,82,0.7,Western,Midwest
2002,DEN,27,55,82,0.33,Western,Midwest
2002,DET,50,32,82,0.61,Eastern,Central
2002,GSW,21,61,82,0.26,Western,Pacific
2002,HOU,28,54,82,0.34,Western,Midwest
2002,IND,42,40,82,0.51,Eastern,Central
2002,LAC,39,43,82,0.48,Western,Pacific
2002,LAL,58,24,82,0.71,Western,Pacific
2002,MEM,23,59,82,0.28,Western,Midwest
2002,MIA,36,46,82,0.44,Eastern,Atlantic
2002,MIL,41,41,82,0.5,Eastern,Central
2002,MIN,50,32,82,0.61,Western,Midwest
2002,NJN,52,30,82,0.63,Eastern,Atlantic
2002,NYK,30,52,82,0.37,Eastern,Atlantic
2002,ORL,44,38,82,0.54,Eastern,Atlantic
2002,PHI,43,39,82,0.52,Eastern,Atlantic
2002,PHO,36,46,82,0.44,Western,Pacific
2002,POR,49,33,82,0.6,Western,Pacific
2002,SAC,61,21,82,0.74,Western,Pacific
2002,SAS,58,24,82,0.71,Western,Midwest
2002,SEA,45,37,82,0.55,Western,Pacific
2002,TOR,42,40,82,0.51,Eastern,Central
2002,UTA,44,38,82,0.54,Western,Midwest
2002,WAS,37,45,82,0.45,Eastern,Atlantic
2001,ATL,25,57,82,0.3,Eastern,Central
2001,BOS,36,46,82,0.44,Eastern,Atlantic
2001,CHH,46,36,82,0.56,Eastern,Central
2001,CHI,15,67,82,0.18,Eastern,Central
2001,CLE,30,52,82,0.37,Eastern,Central
2001,DAL,53,29,82,0.65,Western,Midwest
2001,DEN,40,42,82,0.49,Western,Midwest
2001,DET,32,50,82,0.39,Eastern,Central
2001,GSW,17,65,82,0.21,Western,Pacific
2001,HOU,45,37,82,0.55,Western,Midwest
2001,IND,41,41,82,0.5,Eastern,Central
2001,LAC,31,51,82,0.38,Western,Pacific
2001,LAL,56,26,82,0.68,Western,Pacific
2001,MIA,50,32,82,0.61,Eastern,Atlantic
2001,MIL,52,30,82,0.63,Eastern,Central
2001,MIN,47,35,82,0.57,Western,Midwest
2001,NJN,26,56,82,0.32,Eastern,Atlantic
2001,NYK,48,34,82,0.59,Eastern,Atlantic
2001,ORL,43,39,82,0.52,Eastern,Atlantic
2001,PHI,56,26,82,0.68,Eastern,Atlantic
2001,PHO,51,31,82,0.62,Western,Pacific
2001,POR,50,32,82,0.61,Western,Pacific
2001,SAC,55,27,82,0.67,Western,Pacific
2001,SAS,58,24,82,0.71,Western,Midwest
2001,SEA,44,38,82,0.54,Western,Pacific
2001,TOR,47,35,82,0.57,Eastern,Central
2001,UTA,53,29,82,0.65,Western,Midwest
2001,VAN,23,59,82,0.28,Western,Midwest
2001,WAS,19,63,82,0.23,Eastern,Atlantic
2000,ATL,28,54,82,0.34,Eastern,Central
2000,BOS,35,47,82,0.43,Eastern,Atlantic
2000,CHH,49,33,82,0.6,Eastern,Central
2000,CHI,17,65,82,0.21,Eastern,Central
2000,CLE,32,50,82,0.39,Eastern,Central
2000,DAL,40,42,82,0.49,Western,Midwest
2000,DEN,35,47,82,0.43,Western,Midwest
2000,DET,42,40,82,0.51,Eastern,Central
2000,GSW,19,63,82,0.23,Western,Pacific
2000,HOU,34,48,82,0.41,Western,Midwest
2000,IND,56,26,82,0.68,Eastern,Central
2000,LAC,15,67,82,0.18,Western,Pacific
2000,LAL,67,15,82,0.82,Western,Pacific
2000,MIA,52,30,82,0.63,Eastern,Atlantic
2000,MIL,42,40,82,0.51,Eastern,Central
2000,MIN,50,32,82,0.61,Western,Midwest
2000,NJN,31,51,82,0.38,Eastern,Atlantic
2000,NYK,50,32,82,0.61,Eastern,Atlantic
2000,ORL,41,41,82,0.5,Eastern,Atlantic
2000,PHI,49,33,82,0.6,Eastern,Atlantic
2000,PHO,53,29,82,0.65,Western,Pacific
2000,POR,59,23,82,0.72,Western,Pacific
2000,SAC,44,38,82,0.54,Western,Pacific
2000,SAS,53,29,82,0.65,Western,Midwest
2000,SEA,45,37,82,0.55,Western,Pacific
2000,TOR,45,37,82,0.55,Eastern,Central
2000,UTA,55,27,82,0.67,Western,Midwest
2000,VAN,22,60,82,0.27,Western,Midwest
2000,WAS,29,53,82,0.35,Eastern,Atlantic
