season,abv,conference,division,w,l,games,win_pct,overall_rank,conf_rank,bench_mp,bench_players,bench_per_wmean,bench_per_mean,bench_ts_percent_wmean,bench_ts_percent_mean,bench_obpm_wmean,bench_obpm_mean,bench_dbpm_wmean,bench_dbpm_mean,bench_usg_percent_wmean,bench_usg_percent_mean,bench_a2t_perc_wmean,bench_a2t_perc_mean
2000,CHH,Eastern,Central,49,33,82,0.6,5.0,3.0,1065.0,2,12.256338028169013,9.4,0.5064788732394366,0.49,-1.0690140845070422,-2.25,-0.06056338028169014,-0.5,20.416901408450705,18.0,1.4133802816901408,1.125
2000,CHI,Eastern,Central,17,65,82,0.21,17.0,10.0,1534.0,3,11.052346805736637,11.033333333333331,0.49097783572359843,0.49,-1.922425032594524,-2.0,-1.2679921773142113,-1.2333333333333332,20.22457627118644,20.333333333333332,1.4508018252933508,1.3866666666666667
2000,CLE,Eastern,Central,32,50,82,0.39,12.0,7.0,253.0,1,19.2,19.2,0.54,0.54,3.4,3.4,0.0,0.0,23.9,23.9,2.57,2.57
2000,DAL,Western,Midwest,40,42,82,0.49,9.0,3.0,889.0,2,13.66771653543307,12.75,0.48999999999999994,0.49,-0.6047244094488189,-1.2,-2.0015748031496066,-2.2,21.743307086614177,20.9,1.811732283464567,1.4
2000,DEN,Western,Midwest,35,47,82,0.43,10.0,4.0,329.0,1,8.8,8.8,0.38,0.38,-4.1,-4.1,1.8,1.8,18.0,18.0,2.0,2.0
2000,DET,Eastern,Central,42,40,82,0.51,6.0,4.0,488.0,1,19.6,19.6,0.67,0.67,0.3,0.3,0.5,0.5,17.4,17.4,0.75,0.75
2000,GSW,Western,Pacific,19,63,82,0.23,16.0,7.0,2619.0,7,9.69614356624666,9.414285714285715,0.448491790759832,0.45,-3.7875143184421534,-3.842857142857142,-1.0604429171439482,-1.0,17.864299350897287,17.457142857142856,1.2651584574264987,1.3585714285714285
2000,HOU,Western,Midwest,34,48,82,0.41,11.0,5.0,273.0,1,11.4,11.4,0.46,0.46,-3.5,-3.5,-0.5,-0.5,18.8,18.8,0.54,0.54
2000,LAC,Western,Pacific,15,67,82,0.18,18.0,8.0,944.0,2,11.616207627118644,11.55,0.49675847457627126,0.51,-1.9426906779661017,-1.85,-1.8853813559322032,-1.7,13.973940677966102,13.1,2.5826165254237288,2.335
2000,LAL,Western,Pacific,67,15,82,0.82,1.0,1.0,185.0,1,2.7,2.7,0.39,0.39,-7.7,-7.7,0.1,0.1,15.1,15.1,1.3,1.3
2000,MIA,Eastern,Atlantic,52,30,82,0.63,3.0,1.0,567.0,1,7.1,7.1,0.51,0.51,-2.7,-2.7,0.6,0.6,12.2,12.2,1.4,1.4
2000,MIL,Eastern,Central,42,40,82,0.51,6.0,4.0,933.0,3,8.763022508038585,9.1,0.45508038585209,0.4633333333333333,-1.7755627009646302,-1.6000000000000003,-2.138370846730975,-2.066666666666667,15.252625937834942,15.199999999999998,2.01620578778135,2.0933333333333333
2000,NJN,Eastern,Atlantic,31,51,82,0.38,13.0,8.0,551.0,2,14.170235934664246,14.0,0.5636479128856625,0.56,-0.20744101633393827,-0.25,0.1560798548094374,0.15000000000000002,12.578221415607986,11.8,1.894337568058076,1.96
2000,NYK,Eastern,Atlantic,50,32,82,0.61,4.0,2.0,244.0,1,10.3,10.3,0.44,0.44,-2.8,-2.8,1.5,1.5,14.0,14.0,0.67,0.67
2000,ORL,Eastern,Atlantic,41,41,82,0.5,8.0,6.0,399.0,2,9.270927318295739,9.3,0.4600000000000001,0.46,-3.0145363408521306,-3.0,0.7463659147869673,0.75,15.634586466165416,15.700000000000001,1.33734335839599,1.305
2000,SAS,Western,Midwest,53,29,82,0.65,2.0,2.0,391.0,1,8.8,8.8,0.48000000000000004,0.48,-2.8,-2.8,0.2,0.2,16.4,16.4,1.5,1.5
2000,VAN,Western,Midwest,22,60,82,0.27,15.0,6.0,221.0,1,7.5,7.5,0.48,0.48,-4.4,-4.4,-0.8,-0.8,16.3,16.3,0.75,0.75
2000,WAS,Eastern,Atlantic,29,53,82,0.35,14.0,9.0,333.0,1,16.0,16.0,0.6,0.6,-1.7999999999999998,-1.8,2.2,2.2,13.600000000000001,13.6,0.86,0.86
2001,ATL,Eastern,Central,25,57,82,0.3,16.0,11.0,279.0,1,7.2,7.2,0.41,0.41,-5.7,-5.7,1.8,1.8,15.799999999999999,15.8,1.75,1.75
2001,BOS,Eastern,Atlantic,36,46,82,0.44,11.0,7.0,408.0,1,6.1,6.1,0.41,0.41,-4.0,-4.0,-1.2,-1.2,13.5,13.5,2.75,2.75
2001,CLE,Eastern,Central,30,52,82,0.37,14.0,9.0,265.0,1,8.7,8.7,0.46,0.46,-3.1,-3.1,-1.0,-1.0,15.6,15.6,1.0,1.0
2001,DAL,Western,Midwest,53,29,82,0.65,2.0,1.0,578.0,2,11.996885813148788,11.899999999999999,0.48617647058823527,0.485,-2.7188581314878895,-2.75,1.6769896193771625,1.6500000000000001,18.442387543252597,18.45,1.1997231833910036,1.2
2001,DEN,Western,Midwest,40,42,82,0.49,10.0,4.0,849.0,3,7.651590106007068,8.366666666666667,0.45784452296819794,0.4633333333333333,-3.977031802120141,-3.4000000000000004,-0.9395759717314488,-1.1333333333333335,15.928268551236751,15.866666666666667,1.1905300353356891,1.3733333333333333
2001,DET,Eastern,Central,32,50,82,0.39,12.0,8.0,800.0,1,18.4,18.4,0.56,0.56,0.6,0.6,1.1,1.1,22.4,22.4,0.59,0.59
2001,GSW,Western,Pacific,17,65,82,0.21,19.0,7.0,1234.0,4,10.864667747163695,11.425,0.4931766612641816,0.5125,-2.427552674230146,-2.4499999999999997,-0.8338735818476499,-0.775,16.139059967585087,16.5,1.8940923824959484,1.5825
2001,IND,Eastern,Central,41,41,82,0.5,9.0,6.0,263.0,1,16.6,16.6,0.49,0.49,-0.7,-0.7,0.1,0.1,23.6,23.6,2.3,2.3
2001,LAC,Western,Pacific,31,51,82,0.38,13.0,5.0,491.0,1,8.8,8.8,0.44,0.44,-2.5,-2.5,-0.1,-0.1,14.6,14.6,0.37,0.37
2001,MIA,Eastern,Atlantic,50,32,82,0.61,4.0,3.0,393.0,1,16.4,16.4,0.54,0.54,0.1,0.1,-0.6,-0.6,24.1,24.1,0.56,0.56
2001,MIL,Eastern,Central,52,30,82,0.63,3.0,2.0,783.0,2,10.96896551724138,11.5,0.5182758620689655,0.505,-2.6379310344827585,-2.6,0.8206896551724138,1.2000000000000002,12.541379310344826,13.3,1.2886206896551724,1.575
2001,MIN,Western,Midwest,47,35,82,0.57,7.0,3.0,457.0,1,13.9,13.9,0.51,0.51,-0.3,-0.3,0.5,0.5,19.1,19.1,1.25,1.25
2001,NJN,Eastern,Atlantic,26,56,82,0.32,15.0,10.0,193.0,1,6.200000000000001,6.2,0.42,0.42,-6.9,-6.9,2.0,2.0,9.9,9.9,0.4,0.4
2001,NYK,Eastern,Atlantic,48,34,82,0.59,6.0,4.0,722.0,2,6.440581717451524,6.050000000000001,0.4116620498614959,0.41000000000000003,-5.192382271468143,-5.45,1.4746537396121884,1.35,16.807063711911358,16.35,0.8664542936288089,0.79
2001,PHI,Eastern,Atlantic,56,26,82,0.68,1.0,1.0,375.0,1,8.1,8.1,0.45,0.45,-2.3,-2.3,0.5,0.5,18.4,18.4,1.5,1.5
2001,POR,Western,Pacific,50,32,82,0.61,4.0,2.0,748.0,2,10.92620320855615,11.0,0.46653743315508023,0.46499999999999997,-1.8614973262032084,-1.7999999999999998,-0.6754010695187166,-0.7000000000000001,16.69157754010695,16.75,2.2726470588235297,2.32
2001,TOR,Eastern,Central,47,35,82,0.57,7.0,5.0,928.0,2,12.262284482758622,13.05,0.5148060344827586,0.5249999999999999,-2.652155172413793,-2.3000000000000003,0.2036637931034483,0.25,14.962931034482757,15.0,1.5767672413793103,1.46
2001,VAN,Western,Midwest,23,59,82,0.28,17.0,6.0,580.0,2,10.47603448275862,8.65,0.4105172413793104,0.39,-2.9844827586206897,-3.5999999999999996,0.9051724137931034,0.7,18.134999999999998,16.35,2.6474137931034485,2.75
2001,WAS,Eastern,Atlantic,19,63,82,0.23,18.0,12.0,591.0,2,10.047208121827412,9.5,0.4386802030456853,0.42500000000000004,-2.3649746192893404,-2.1500000000000004,-1.387309644670051,-1.7,18.239086294416246,18.200000000000003,1.6808121827411169,1.63
2002,ATL,Eastern,Central,33,49,82,0.4,14.0,9.0,422.0,1,13.4,13.4,0.53,0.53,-1.8,-1.8,-0.1,-0.1,16.8,16.8,0.5,0.5
2002,BOS,Eastern,Atlantic,49,33,82,0.6,5.0,3.0,626.0,1,15.399999999999999,15.4,0.59,0.59,0.8,0.8,-0.4,-0.4,20.8,20.8,0.94,0.94
2002,CHI,Eastern,Central,21,61,82,0.26,18.0,10.0,1134.0,2,13.687654320987654,13.9,0.5196913580246912,0.525,0.0876543209876542,0.29999999999999993,-1.4969135802469136,-1.5499999999999998,21.442416225749557,21.45,1.3472222222222223,1.395
2002,DAL,Western,Midwest,57,25,82,0.7,1.0,1.0,757.0,1,16.3,16.3,0.51,0.51,2.2,2.2,-1.5,-1.5,23.199999999999996,23.2,2.8,2.8
2002,DEN,Western,Midwest,27,55,82,0.33,16.0,7.0,2293.0,6,12.41984300043611,12.366666666666667,0.4709986916703009,0.4633333333333334,-2.7316179677278676,-2.8333333333333335,-0.9186655037069341,-1.0333333333333334,17.69834278238116,17.71666666666667,1.279097252507632,1.3583333333333332
2002,DET,Eastern,Central,50,32,82,0.61,3.0,2.0,582.0,1,10.5,10.5,0.4699999999999999,0.47,-2.0,-2.0,-0.6,-0.6,19.2,19.2,2.45,2.45
2002,HOU,Western,Midwest,28,54,82,0.34,15.0,6.0,365.0,1,11.1,11.1,0.49,0.49,-3.1,-3.1,-2.1,-2.1,15.5,15.5,0.8,0.8
2002,IND,Eastern,Central,42,40,82,0.51,9.0,5.0,577.0,1,14.3,14.3,0.55,0.55,-0.3,-0.3,1.2,1.2,13.3,13.3,3.78,3.78
2002,LAC,Western,Pacific,39,43,82,0.48,12.0,5.0,343.0,1,9.5,9.5,0.48,0.48,-2.5,-2.5,0.0,0.0,11.9,11.9,1.33,1.33
2002,MEM,Western,Midwest,23,59,82,0.28,17.0,8.0,1230.0,4,8.63130081300813,8.3,0.45783739837398374,0.4475,-3.930325203252032,-4.075,-0.8020325203252032,-0.75,17.559837398373983,17.725,1.0447154471544715,1.025
2002,MIA,Eastern,Atlantic,36,46,82,0.44,13.0,8.0,319.0,1,9.3,9.3,0.4699999999999999,0.47,-4.7,-4.7,0.8,0.8,18.2,18.2,0.44000000000000006,0.44
2002,MIL,Eastern,Central,41,41,82,0.5,11.0,7.0,836.0,2,10.406220095693781,10.6,0.4738516746411483,0.49,-3.3322966507177036,-3.3,-1.2739234449760766,-1.5,19.192224880382778,18.95,1.6651435406698567,1.4100000000000001
2002,MIN,Western,Midwest,50,32,82,0.61,3.0,2.0,578.0,2,9.156401384083045,9.149999999999999,0.43692041522491354,0.435,-3.9179930795847757,-3.95,-1.0024221453287196,-0.9,17.676816608996543,17.6,1.2463321799307958,1.375
2002,NJN,Eastern,Atlantic,52,30,82,0.63,2.0,1.0,539.0,2,6.556029684601113,6.75,0.3869016697588126,0.385,-4.875510204081633,-4.75,0.4157699443413729,0.45,17.687012987012984,17.9,1.587569573283859,1.645
2002,PHI,Eastern,Atlantic,43,39,82,0.52,8.0,4.0,169.0,1,5.5,5.5,0.27,0.27,-6.199999999999999,-6.2,0.8000000000000002,0.8,11.0,11.0,0.43,0.43
2002,POR,Western,Pacific,49,33,82,0.6,5.0,3.0,228.0,1,9.8,9.8,0.4,0.4,-4.9,-4.9,1.9,1.9,16.9,16.9,3.0,3.0
2002,SEA,Western,Pacific,45,37,82,0.55,7.0,4.0,279.0,1,11.9,11.9,0.5,0.5,-3.3,-3.3,0.2,0.2,18.1,18.1,1.0,1.0
2002,TOR,Eastern,Central,42,40,82,0.51,9.0,5.0,280.0,1,12.3,12.3,0.54,0.54,-2.2,-2.2,0.6,0.6,10.8,10.8,4.0,4.0
2003,ATL,Eastern,Central,35,47,82,0.43,12.0,7.0,704.0,2,8.723863636363637,8.7,0.45,0.45,-2.9244318181818185,-2.95,0.3789772727272727,0.35,15.103977272727274,15.15,2.042897727272727,2.025
2003,BOS,Eastern,Atlantic,44,38,82,0.54,6.0,4.0,518.0,1,12.2,12.2,0.62,0.62,-3.4,-3.4,1.6,1.6,11.7,11.7,0.67,0.67
2003,CHI,Eastern,Central,30,52,82,0.37,13.0,8.0,196.0,1,13.4,13.4,0.54,0.54,-1.4,-1.4,0.4,0.4,16.4,16.4,2.1,2.1
2003,CLE,Eastern,Central,17,65,82,0.21,16.0,10.0,168.0,1,17.4,17.4,0.5,0.5,-0.9000000000000001,-0.9,1.1,1.1,22.5,22.5,1.73,1.73
2003,DEN,Western,Midwest,17,65,82,0.21,16.0,7.0,1748.0,3,12.508009153318078,11.733333333333334,0.4387414187643021,0.4266666666666667,-1.3036613272311215,-1.7000000000000002,-0.30869565217391315,-0.16666666666666666,20.378489702517165,20.633333333333333,2.026361556064073,1.9433333333333334
2003,GSW,Western,Pacific,38,44,82,0.46,10.0,5.0,485.0,2,11.41257731958763,11.3,0.44,0.44,-1.7334020618556703,-1.8499999999999999,-1.4781443298969075,-1.4500000000000002,18.030927835051546,17.85,1.4390515463917526,1.3900000000000001
2003,MEM,Western,Midwest,28,54,82,0.34,14.0,6.0,360.0,1,19.0,19.0,0.61,0.61,2.7,2.7,-1.3,-1.3,24.1,24.1,1.19,1.19
2003,NJN,Eastern,Atlantic,49,33,82,0.6,2.0,1.0,514.0,1,11.2,11.2,0.44,0.44,-3.7,-3.7,0.3,0.3,16.6,16.6,0.57,0.57
2003,NOH,Eastern,Central,47,35,82,0.57,4.0,3.0,886.0,2,11.739503386004516,11.75,0.45489841986455976,0.45499999999999996,-2.8033860045146723,-2.8,0.14830699774266368,0.15000000000000002,20.3020316027088,20.3,1.9491873589164785,1.95
2003,ORL,Eastern,Atlantic,42,40,82,0.51,8.0,5.0,290.0,1,6.7,6.7,0.42,0.42,-4.6,-4.6,-1.1,-1.1,16.9,16.9,1.43,1.43
2003,PHI,Eastern,Atlantic,48,34,82,0.59,3.0,2.0,772.0,2,10.444041450777203,10.9,0.4578756476683938,0.46499999999999997,-2.435233160621762,-2.25,-0.44196891191709853,-0.09999999999999998,14.630569948186528,15.4,0.9024870466321244,1.035
2003,PHO,Western,Pacific,44,38,82,0.54,6.0,3.0,447.0,1,10.9,10.9,0.4699999999999999,0.47,-2.2,-2.2,0.8,0.8,16.8,16.8,1.0,1.0
2003,SAC,Western,Pacific,59,23,82,0.72,1.0,1.0,325.0,1,14.6,14.6,0.5,0.5,-2.3,-2.3,0.4,0.4,16.1,16.1,0.43,0.43
2003,SEA,Western,Pacific,40,42,82,0.49,9.0,4.0,1357.0,3,11.843625644804717,11.0,0.49753131908621967,0.4766666666666666,-2.432719233603537,-3.1999999999999997,0.6467207074428887,0.6333333333333334,15.787030213706705,15.9,2.0208548268238764,1.5233333333333334
2003,TOR,Eastern,Central,24,58,82,0.29,15.0,9.0,1862.0,4,9.090386680988184,9.25,0.4454618689581095,0.4475,-3.950537056928034,-4.05,-1.1642857142857144,-1.05,19.215520945220195,18.25,0.9153598281417831,0.975
2003,UTA,Western,Midwest,47,35,82,0.57,4.0,2.0,421.0,1,8.2,8.2,0.53,0.53,-3.1000000000000005,-3.1,-0.9000000000000001,-0.9,14.5,14.5,0.6699999999999999,0.67
2003,WAS,Eastern,Atlantic,37,45,82,0.45,11.0,6.0,522.0,2,12.730268199233716,12.95,0.52,0.52,-1.7440613026819922,-1.75,-1.3931034482758622,-1.5,15.335632183908046,15.3,0.4832567049808429,0.45
2004,ATL,Eastern,Southeast,28,54,82,0.34,15.0,8.0,659.0,2,13.755235204855843,13.8,0.5017905918057664,0.5,-3.062670713201821,-3.0,-1.3089529590288314,-1.2999999999999998,19.42625189681335,19.95,0.30500758725341426,0.335
2004,BOS,Eastern,Atlantic,36,46,82,0.44,11.0,5.0,1750.0,4,13.828457142857143,13.975000000000001,0.5239885714285715,0.5225,-0.6865142857142857,-0.55,-0.21131428571428573,-0.175,17.376685714285713,17.325,1.3951657142857143,1.5075
2004,CHI,Eastern,Central,23,59,82,0.28,18.0,10.0,412.0,1,12.4,12.4,0.45,0.45,-1.4,-1.4,0.8,0.8,19.6,19.6,1.69,1.69
2004,CLE,Eastern,Central,35,47,82,0.43,12.0,6.0,788.0,2,14.383248730964468,14.4,0.4948857868020305,0.495,-1.3992385786802028,-1.4,-1.9129441624365484,-1.9000000000000001,20.958756345177665,20.950000000000003,0.6263324873096447,0.625
2004,DEN,Western,Northwest,43,39,82,0.52,5.0,3.0,344.0,1,9.1,9.1,0.45,0.45,-3.5,-3.5,-0.7999999999999999,-0.8,14.700000000000001,14.7,1.25,1.25
2004,DET,Eastern,Central,54,28,82,0.66,3.0,2.0,734.0,2,12.878474114441415,11.95,0.506975476839237,0.505,-2.449318801089918,-3.1999999999999997,1.2697547683923707,1.25,17.8858310626703,17.549999999999997,1.7111444141689374,1.32
2004,GSW,Western,Pacific,37,45,82,0.45,10.0,6.0,610.0,1,16.8,16.8,0.5,0.5,-0.6,-0.6,-1.0,-1.0,23.6,23.6,0.58,0.58
2004,IND,Eastern,Central,61,21,82,0.74,1.0,1.0,271.0,1,15.7,15.7,0.58,0.58,-0.8,-0.8,-0.7,-0.7,27.8,27.8,0.25,0.25
2004,LAC,Western,Pacific,28,54,82,0.34,15.0,8.0,262.0,1,7.3,7.3,0.4,0.4,-3.1,-3.1,-1.3,-1.3,16.3,16.3,1.86,1.86
2004,MEM,Western,Southwest,50,32,82,0.61,4.0,2.0,284.0,1,4.6,4.6,0.38,0.38,-4.2,-4.2,-2.4,-2.4,20.1,20.1,1.4,1.4
2004,MIL,Eastern,Central,41,41,82,0.5,7.0,3.0,420.0,1,15.8,15.8,0.5,0.5,-1.3,-1.3,2.0,2.0,15.8,15.8,3.9199999999999995,3.92
2004,MIN,Western,Northwest,58,24,82,0.71,2.0,1.0,1297.0,3,12.994063222821897,11.300000000000002,0.5007170393215112,0.47333333333333333,-0.04880493446414809,-1.2333333333333334,-1.3939090208172706,-1.6333333333333335,22.705242868157285,22.46666666666667,1.81526599845798,2.2333333333333334
2004,NOH,Western,Southwest,41,41,82,0.5,7.0,5.0,238.0,1,11.1,11.1,0.42,0.42,-2.9,-2.9,0.1,0.1,20.7,20.7,2.54,2.54
2004,NYK,Eastern,Atlantic,39,43,82,0.48,9.0,4.0,1237.0,4,12.310913500404203,12.275,0.5009296685529506,0.5075000000000001,-2.088682295877122,-1.975,-0.32578819725141467,-0.24999999999999994,19.27057396928052,18.65,0.7731447049312853,0.83
2004,ORL,Eastern,Southeast,21,61,82,0.26,19.0,11.0,905.0,3,7.139779005524862,7.033333333333334,0.41513812154696134,0.41333333333333333,-4.392817679558011,-4.433333333333334,-1.2408839779005525,-1.2333333333333334,14.079558011049723,13.866666666666667,1.0726519337016576,1.1466666666666667
2004,PHO,Western,Pacific,29,53,82,0.35,14.0,7.0,997.0,3,13.898395185556671,14.433333333333332,0.5105616850551655,0.5166666666666667,-2.146038114343029,-1.8666666666666665,-0.16599799398194584,-0.43333333333333335,17.69899699097292,18.7,0.6699297893681044,0.7033333333333333
2004,TOR,Eastern,Atlantic,33,49,82,0.4,13.0,7.0,861.0,3,9.431707317073172,9.466666666666667,0.4165156794425087,0.4166666666666667,-3.519163763066202,-3.5,0.47979094076655054,0.46666666666666673,15.918815331010453,16.0,1.887979094076655,1.9000000000000001
2004,UTA,Western,Northwest,42,40,82,0.51,6.0,4.0,1936.0,5,13.462448347107438,13.3,0.4955423553719008,0.506,-0.5903925619834711,-1.06,-0.02190082644628098,0.0,18.873243801652894,17.94,1.2375568181818182,1.108
2004,WAS,Eastern,Southeast,25,57,82,0.3,17.0,9.0,186.0,1,10.1,10.1,0.5,0.5,-0.5,-0.5,0.1,0.1,12.6,12.6,2.25,2.25
2005,ATL,Eastern,Southeast,13,69,82,0.16,20.0,10.0,1367.0,3,10.219312362838332,9.9,0.47144111192392096,0.47,-3.0932699341623993,-3.233333333333333,-0.7662033650329189,-0.7666666666666666,15.742721287490857,15.6,1.1935332845647402,1.2566666666666666
2005,BOS,Eastern,Atlantic,45,37,82,0.55,9.0,2.0,218.0,1,5.700000000000001,5.7,0.33,0.33,-4.0,-4.0,0.5,0.5,10.0,10.0,1.1999999999999997,1.2
2005,CHA,Eastern,Southeast,18,64,82,0.22,18.0,9.0,1231.0,4,12.930138099106417,12.475,0.5032250203086921,0.4975,-2.120633631194151,-2.3000000000000003,-0.7472786352558896,-0.625,18.934118602761984,18.2,0.8930869212022745,1.0125
2005,CLE,Eastern,Central,42,40,82,0.51,12.0,5.0,192.0,1,4.3,4.3,0.36000000000000004,0.36,-5.8,-5.8,-2.2,-2.2,18.4,18.4,1.33,1.33
2005,DAL,Western,Southwest,58,24,82,0.71,4.0,3.0,684.0,1,16.9,16.9,0.55,0.55,0.7,0.7,-0.6,-0.6,23.1,23.1,1.0,1.0
2005,DEN,Western,Northwest,49,33,82,0.6,8.0,7.0,1036.0,2,13.879440154440154,14.05,0.5522490347490348,0.5549999999999999,-0.731081081081081,-0.5,-0.21148648648648646,-0.25,16.47895752895753,16.6,1.7787162162162162,1.875
2005,HOU,Western,Southwest,51,31,82,0.62,6.0,5.0,1885.0,5,10.415649867374006,8.28,0.4662281167108753,0.44000000000000006,-1.8189389920424401,-2.9,0.629761273209549,0.5599999999999999,17.497771883289126,15.84,2.623358090185676,2.5040000000000004
2005,IND,Eastern,Central,44,38,82,0.54,10.0,3.0,249.0,1,5.1,5.1,0.46,0.46,-3.8,-3.8,1.5,1.5,7.2,7.2,2.67,2.67
2005,LAL,Western,Pacific,34,48,82,0.41,14.0,8.0,306.0,1,10.7,10.7,0.49,0.49,-1.6,-1.6,-2.4,-2.4,18.4,18.4,1.12,1.12
2005,MIA,Eastern,Southeast,59,23,82,0.72,2.0,1.0,451.0,2,15.063192904656319,14.7,0.5408647450110865,0.54,-0.6827050997782704,-0.7,1.966740576496674,1.85,16.96430155210643,16.8,0.9786031042128603,1.04
2005,MIL,Eastern,Central,30,52,82,0.37,16.0,8.0,671.0,2,14.857824143070046,14.05,0.587183308494784,0.585,1.3761549925484353,0.3500000000000001,0.3943368107302533,0.7,12.82682563338301,12.149999999999999,4.0634873323397915,2.95
2005,NJN,Eastern,Atlantic,42,40,82,0.51,12.0,5.0,1345.0,3,8.904237918215614,8.866666666666665,0.45550185873605936,0.4533333333333333,-3.4185130111524162,-3.4333333333333336,0.06468401486988849,9.25185853854297e-18,17.227583643122674,17.26666666666667,1.3576877323420076,1.4133333333333333
2005,NOH,Western,Southwest,18,64,82,0.22,18.0,10.0,1617.0,4,8.101669758812617,8.375,0.40202226345083486,0.40249999999999997,-4.097897340754483,-3.9749999999999996,0.07656153370439082,-0.07500000000000001,18.12047000618429,17.95,1.862931354359926,1.925
2005,NYK,Eastern,Atlantic,33,49,82,0.4,15.0,7.0,1459.0,4,9.33420150788211,8.4,0.495709389993146,0.48000000000000004,-3.8861549006168605,-3.975,-0.685126799177519,-0.325,17.713982179575048,16.049999999999997,0.7704043865661412,1.01
2005,PHI,Eastern,Atlantic,43,39,82,0.52,11.0,4.0,731.0,2,10.079890560875512,9.05,0.45298221614227085,0.435,-3.044186046511628,-3.5999999999999996,0.028864569083447325,-0.2,16.35485636114911,15.75,0.9904924760601914,0.845
2005,PHO,Western,Pacific,62,20,82,0.76,1.0,1.0,353.0,1,6.9,6.9,0.54,0.54,-3.3,-3.3,-0.1,-0.1,13.6,13.6,0.57,0.57
2005,SAC,Western,Pacific,50,32,82,0.61,7.0,6.0,1007.0,2,16.783912611717977,16.7,0.5446772591857001,0.545,0.5161866931479643,0.40000000000000013,-1.1403177755710032,-1.15,23.682323733862958,23.55,1.7964647467725918,1.77
2005,SAS,Western,Southwest,59,23,82,0.72,2.0,2.0,658.0,2,12.160486322188447,11.45,0.4225835866261398,0.42,-4.641641337386018,-4.9,-0.5404255319148936,-0.45,21.243768996960487,21.05,0.3427051671732523,0.375
2005,SEA,Western,Northwest,52,30,82,0.63,5.0,4.0,520.0,1,13.4,13.4,0.5,0.5,0.2,0.2,-0.2,-0.2,17.7,17.7,1.5,1.5
2005,UTA,Western,Northwest,26,56,82,0.32,17.0,9.0,524.0,2,11.599618320610688,11.8,0.5286641221374045,0.53,-2.45706106870229,-2.25,-0.3935114503816794,-0.3,15.976908396946568,15.850000000000001,1.7876717557251909,1.96
2006,BOS,Eastern,Atlantic,33,49,82,0.4,16.0,7.0,670.0,3,9.101194029850745,8.866666666666667,0.5265223880597014,0.52,-3.8544776119402986,-4.033333333333334,-0.6832835820895523,-0.5333333333333333,17.20134328358209,17.066666666666666,1.4774925373134329,1.3833333333333335
2006,CHA,Eastern,Southeast,26,56,82,0.32,18.0,9.0,398.0,1,15.3,15.3,0.47000000000000003,0.47,-2.0,-2.0,-0.6,-0.6,25.9,25.9,0.71,0.71
2006,DAL,Western,Southwest,60,22,82,0.73,2.0,1.0,241.0,1,10.1,10.1,0.49,0.49,-1.8,-1.8,0.0,0.0,17.0,17.0,0.57,0.57
2006,DEN,Western,Northwest,44,38,82,0.54,8.0,5.0,887.0,2,9.454340473506202,9.6,0.48682074408117243,0.485,-3.600563697857948,-3.2,-0.5953776775648253,-0.65,14.926042841037203,15.8,1.0526155580608794,1.455
2006,DET,Eastern,Central,64,18,82,0.78,1.0,1.0,378.0,1,16.1,16.1,0.53,0.53,0.4,0.4,-0.5,-0.5,23.9,23.9,1.75,1.75
2006,GSW,Western,Pacific,34,48,82,0.41,14.0,8.0,162.0,1,8.7,8.7,0.4600000000000001,0.46,-4.5,-4.5,-0.5,-0.5,20.1,20.1,1.44,1.44
2006,HOU,Western,Southwest,34,48,82,0.41,14.0,8.0,1205.0,3,11.504647302904564,11.366666666666667,0.5310124481327801,0.53,-1.884149377593361,-2.3333333333333335,0.6239004149377593,0.5333333333333333,17.192697095435687,16.5,1.060390041493776,0.9233333333333332
2006,LAC,Western,Pacific,47,35,82,0.57,6.0,3.0,412.0,1,10.7,10.7,0.59,0.59,-3.7,-3.7,0.9,0.9,15.5,15.5,0.37,0.37
2006,LAL,Western,Pacific,45,37,82,0.55,7.0,4.0,279.0,1,11.8,11.8,0.55,0.55,-2.2,-2.2,0.4,0.4,19.4,19.4,0.6,0.6
2006,MIA,Eastern,Southeast,52,30,82,0.63,4.0,2.0,704.0,2,9.209232954545454,9.45,0.4398153409090909,0.435,-2.6715909090909093,-2.8,-0.5642045454545455,-0.5,18.235085227272727,19.15,2.745383522727273,2.625
2006,NJN,Eastern,Atlantic,49,33,82,0.6,5.0,3.0,486.0,1,9.2,9.2,0.48,0.48,-2.9,-2.9,-0.3,-0.3,17.9,17.9,1.9,1.9
2006,NOK,Western,Southwest,38,44,82,0.46,10.0,6.0,1671.0,4,10.83447037701975,10.325,0.49132854578096946,0.4925,-2.5551166965888688,-2.875,-1.3219030520646322,-1.075,19.02262118491921,18.875,0.732064631956912,0.8274999999999999
2006,ORL,Eastern,Southeast,36,46,82,0.44,12.0,6.0,1429.0,4,15.157032890132959,14.15,0.5439748075577326,0.5399999999999999,-0.010426871938418498,-0.425,-0.360111966410077,-0.30000000000000004,19.7777466759972,18.7,1.3675577326801958,1.2075
2006,PHI,Eastern,Atlantic,38,44,82,0.46,10.0,5.0,237.0,1,14.5,14.5,0.54,0.54,-1.4,-1.4,-1.3,-1.3,18.6,18.6,0.6,0.6
2006,PHO,Western,Pacific,54,28,82,0.66,3.0,2.0,1302.0,3,8.327496159754226,7.400000000000001,0.4661136712749616,0.45,-3.932565284178187,-4.566666666666666,-0.7039938556067589,-0.5,18.493701996927804,17.400000000000002,0.795483870967742,0.86
2006,POR,Western,Northwest,21,61,82,0.26,19.0,10.0,851.0,2,8.681198589894242,8.25,0.4684136310223267,0.45999999999999996,-3.8579318448883666,-3.9,-0.7158636897767333,-0.8,12.947591069330201,13.2,0.9343125734430082,1.05
2006,SEA,Western,Northwest,35,47,82,0.43,13.0,7.0,1200.0,3,12.627749999999999,11.066666666666668,0.5580750000000001,0.5633333333333334,-1.3840000000000001,-2.6,-2.126,-2.433333333333333,18.379,16.866666666666667,1.23985,0.9166666666666666
2006,TOR,Eastern,Atlantic,27,55,82,0.33,17.0,8.0,937.0,3,9.871718249733192,10.033333333333333,0.46244397011739596,0.4566666666666667,-3.043649946638207,-2.933333333333333,-0.9860192102454642,-1.0333333333333332,14.95282817502668,15.333333333333334,1.4427961579509072,1.5966666666666667
2006,WAS,Eastern,Southeast,42,40,82,0.51,9.0,4.0,552.0,1,10.4,10.4,0.5,0.5,-0.6,-0.6,-1.0,-1.0,17.6,17.6,2.27,2.27
2007,CHA,Eastern,Southeast,33,49,82,0.4,6.0,4.0,741.0,3,7.118893387314441,7.066666666666666,0.46812415654520917,0.4666666666666666,-4.8090418353576245,-4.833333333333333,0.10661268556005399,0.1333333333333333,17.848582995951418,17.8,0.8406477732793524,0.84
2007,GSW,Western,Pacific,42,40,82,0.51,3.0,2.0,1137.0,4,13.03957783641161,13.35,0.5361301671064205,0.54,-1.497537379067722,-1.45,-0.6766930518909411,-0.65,20.071679859278802,20.6,1.3462620932277924,1.1975
2007,HOU,Western,Southwest,52,30,82,0.63,1.0,1.0,590.0,1,8.9,8.9,0.45,0.45,-5.7,-5.7,1.3,1.3,23.7,23.7,0.55,0.55
2007,IND,Eastern,Central,35,47,82,0.43,5.0,3.0,339.0,1,8.0,8.0,0.5,0.5,-3.6999999999999997,-3.7,-1.4,-1.4,15.5,15.5,2.0,2.0
2007,MEM,Western,Southwest,22,60,82,0.27,10.0,6.0,1675.0,4,10.074268656716416,10.425,0.5090149253731343,0.5175000000000001,-2.743223880597015,-2.675,0.061671641791044764,0.25,16.166985074626865,16.05,1.2946029850746268,1.1475
2007,MIN,Western,Northwest,32,50,82,0.39,8.0,4.0,190.0,1,13.8,13.8,0.49,0.49,-0.8,-0.8,-0.1,-0.1,18.1,18.1,2.67,2.67
2007,ORL,Eastern,Southeast,40,42,82,0.49,4.0,2.0,288.0,1,11.6,11.6,0.57,0.57,1.0,1.0,-0.7,-0.7,16.0,16.0,2.6,2.6
2007,POR,Western,Northwest,32,50,82,0.39,8.0,4.0,801.0,2,9.596878901373284,9.5,0.45681647940074904,0.45499999999999996,-3.303121098626717,-3.4000000000000004,-0.5031210986267165,-0.6,15.622846441947566,15.75,2.0237952559300876,1.87
2007,SAC,Western,Pacific,33,49,82,0.4,6.0,3.0,333.0,1,17.3,17.3,0.57,0.57,-0.8999999999999999,-0.9,-2.1,-2.1,17.6,17.6,0.17,0.17
2007,TOR,Eastern,Atlantic,47,35,82,0.57,2.0,1.0,683.0,1,12.9,12.9,0.52,0.52,-1.8,-1.8,0.09999999999999999,0.1,20.5,20.5,1.78,1.78
2008,BOS,Eastern,Atlantic,66,16,82,0.8,1.0,1.0,508.0,2,10.670866141732281,10.6,0.4394291338582677,0.435,-3.1468503937007872,-3.2,0.48799212598425196,0.55,19.96299212598425,18.9,1.5356102362204724,1.455
2008,CHA,Eastern,Southeast,32,50,82,0.39,17.0,8.0,837.0,3,7.725089605734767,7.866666666666667,0.4692114695340502,0.4666666666666666,-3.453405017921147,-3.1666666666666665,-1.1229390681003582,-1.2,16.42903225806452,16.3,1.1680645161290322,1.05
2008,CHI,Eastern,Central,33,49,82,0.4,16.0,7.0,222.0,1,8.5,8.5,0.4000000000000001,0.4,-4.3,-4.3,0.4000000000000001,0.4,15.800000000000002,15.8,1.43,1.43
2008,CLE,Eastern,Central,45,37,82,0.55,11.0,3.0,1659.0,4,10.295418927064496,9.100000000000001,0.4418866787221218,0.415,-2.9711271850512353,-3.6250000000000004,-0.6518987341772152,-0.675,18.271127185051235,18.849999999999998,1.7009644364074745,1.8175
2008,DAL,Western,Southwest,51,31,82,0.62,9.0,7.0,681.0,3,9.099412628487519,9.1,0.5502790014684288,0.5533333333333333,-3.186784140969163,-3.0,-0.05917767988252572,-0.23333333333333336,14.041997063142437,14.733333333333334,1.6778854625550659,1.83
2008,DEN,Western,Northwest,50,32,82,0.61,10.0,8.0,618.0,2,9.84692556634304,10.0,0.45430420711974107,0.455,-3.0051779935275076,-3.1999999999999997,-0.45436893203883505,-0.35000000000000003,17.131715210355985,17.25,3.1448867313915856,2.8449999999999998
2008,DET,Eastern,Central,59,23,82,0.72,2.0,2.0,1042.0,4,12.681669865642993,12.6,0.4916698656429943,0.495,-1.731957773512476,-1.85,-0.25028790786948185,-0.10000000000000009,20.18953934740883,19.425,1.385767754318618,1.28
2008,HOU,Western,Southwest,55,27,82,0.67,6.0,4.0,498.0,1,14.6,14.6,0.51,0.51,0.1,0.1,0.6,0.6,23.1,23.1,2.18,2.18
2008,IND,Eastern,Central,36,46,82,0.44,14.0,5.0,527.0,1,13.1,13.1,0.5,0.5,-1.7,-1.7,-1.3,-1.3,25.3,25.3,1.52,1.52
2008,LAC,Western,Pacific,23,59,82,0.28,19.0,10.0,996.0,3,11.868172690763053,12.766666666666666,0.49146586345381527,0.5033333333333333,-3.1643574297188755,-2.733333333333333,0.06244979919678719,0.1333333333333334,18.898895582329317,18.73333333333333,1.2029016064257028,1.1199999999999999
2008,LAL,Western,Pacific,57,25,82,0.7,3.0,1.0,1218.0,3,11.862068965517242,11.5,0.5044581280788177,0.48999999999999994,-2.440311986863711,-2.8333333333333335,0.9173234811165843,0.5666666666666667,15.988916256157635,16.5,1.174967159277504,1.1633333333333333
2008,MEM,Western,Southwest,22,60,82,0.27,21.0,11.0,1336.0,3,11.388922155688624,11.300000000000002,0.4940119760479042,0.49,-1.7194610778443116,-2.1,-1.3176646706586828,-1.0333333333333334,18.97365269461078,18.200000000000003,1.6361077844311378,1.5033333333333332
2008,MIA,Eastern,Southeast,15,67,82,0.18,24.0,11.0,1515.0,4,11.322970297029702,11.425,0.5186798679867988,0.515,-4.073465346534654,-4.0,0.7372277227722771,0.85,13.414059405940593,13.725000000000001,0.752983498349835,0.8475
2008,MIL,Eastern,Central,26,56,82,0.32,18.0,9.0,709.0,2,14.483074753173483,13.85,0.4880818053596615,0.48,-0.8593794076163611,-1.25,-1.6748942172073342,-1.85,17.940197461212975,18.25,2.8138222849083214,2.535
2008,MIN,Western,Northwest,22,60,82,0.27,21.0,11.0,615.0,2,7.732845528455286,7.7,0.44417886178861793,0.445,-4.35219512195122,-4.5,-0.2970731707317073,-0.09999999999999998,20.05252032520325,19.1,0.7804552845528455,0.755
2008,NJN,Eastern,Atlantic,34,48,82,0.41,15.0,6.0,1265.0,4,7.464189723320159,7.074999999999999,0.43042687747035574,0.4275,-5.03201581027668,-5.325,-0.6671936758893281,-0.7,12.974466403162056,13.275,0.8916047430830039,0.865
2008,NOH,Western,Southwest,56,26,82,0.68,4.0,2.0,438.0,1,15.1,15.1,0.54,0.54,-1.4,-1.4,1.0,1.0,22.0,22.0,0.67,0.67
2008,NYK,Eastern,Atlantic,23,59,82,0.28,19.0,10.0,181.0,1,4.3,4.3,0.4,0.4,-8.7,-8.7,-2.9,-2.9,19.8,19.8,0.2,0.2
2008,PHI,Eastern,Atlantic,40,42,82,0.49,12.0,4.0,657.0,1,10.5,10.5,0.52,0.52,-1.2,-1.2,0.1,0.1,18.5,18.5,1.18,1.18
2008,PHO,Western,Pacific,55,27,82,0.67,6.0,4.0,752.0,2,11.39308510638298,11.2,0.5635106382978723,0.56,-1.4710106382978725,-1.55,-1.0938829787234043,-1.05,19.15877659574468,19.15,1.5299202127659575,1.5150000000000001
2008,SAC,Western,Pacific,38,44,82,0.46,13.0,9.0,1053.0,3,9.040835707502374,8.566666666666666,0.5104273504273504,0.5,-2.976543209876543,-3.233333333333333,-1.3898385565052231,-1.2666666666666666,14.631054131054132,14.299999999999999,0.9640170940170939,0.91
2008,SAS,Western,Southwest,56,26,82,0.68,4.0,2.0,524.0,1,11.1,11.1,0.46,0.46,-3.4,-3.4,2.3,2.3,14.0,14.0,0.83,0.83
2008,SEA,Western,Northwest,20,62,82,0.24,23.0,13.0,463.0,2,6.621598272138229,7.35,0.40166306695464354,0.415,-5.436069114470842,-4.8,-0.9205183585313176,-0.9,16.80259179265659,16.7,0.5,0.5
2008,UTA,Western,Northwest,54,28,82,0.66,8.0,6.0,279.0,1,7.0,7.0,0.46,0.46,-3.6999999999999997,-3.7,-0.1,-0.1,19.8,19.8,0.7,0.7
2009,BOS,Eastern,Atlantic,62,20,82,0.76,2.0,2.0,870.0,2,6.968275862068966,6.8500000000000005,0.5057931034482758,0.5,-4.423448275862069,-4.45,-0.05172413793103448,-0.10000000000000003,14.364827586206898,14.5,1.5620689655172413,1.585
2009,CHA,Eastern,Southeast,35,47,82,0.43,11.0,5.0,912.0,3,10.096052631578948,10.700000000000001,0.5070723684210526,0.52,-3.367763157894737,-3.5,0.5364035087719298,0.5666666666666665,16.112609649122806,16.533333333333335,1.1217982456140352,0.8966666666666666
2009,CHI,Eastern,Central,41,41,82,0.5,10.0,4.0,1000.0,2,16.796599999999998,15.05,0.5598399999999999,0.55,0.9666,0.45,0.092,-0.39999999999999997,19.3238,19.25,1.6996600000000002,1.525
2009,CLE,Eastern,Central,66,16,82,0.8,1.0,1.0,411.0,1,14.8,14.8,0.53,0.53,-0.9000000000000001,-0.9,0.9000000000000001,0.9,15.8,15.8,1.6,1.6
2009,DAL,Western,Southwest,50,32,82,0.61,5.0,3.0,170.0,1,7.5,7.5,0.34,0.34,-5.1,-5.1,-1.4,-1.4,17.8,17.8,0.33,0.33
2009,HOU,Western,Southwest,53,29,82,0.65,4.0,2.0,930.0,2,13.199569892473118,12.4,0.535763440860215,0.525,-0.7847311827956989,-1.0,1.1651612903225805,0.75,17.638494623655912,17.7,2.4272903225806455,2.395
2009,LAC,Western,Pacific,19,63,82,0.23,18.0,9.0,632.0,2,8.429113924050633,8.399999999999999,0.41075949367088604,0.41,-4.786075949367089,-4.800000000000001,-0.3050632911392405,-0.3,17.110126582278482,17.1,1.4615189873417722,1.4700000000000002
2009,MIA,Eastern,Southeast,43,39,82,0.52,9.0,3.0,373.0,2,8.7,8.7,0.4655495978552278,0.46499999999999997,-4.301072386058981,-4.4,-0.2973190348525467,-0.04999999999999982,19.440750670241286,19.1,1.051018766756032,1.145
2009,MIL,Eastern,Central,34,48,82,0.41,12.0,6.0,485.0,1,12.5,12.5,0.54,0.54,-0.3,-0.3,0.3,0.3,17.2,17.2,1.38,1.38
2009,MIN,Western,Northwest,24,58,82,0.29,16.0,7.0,770.0,3,12.723116883116882,13.033333333333333,0.4826623376623376,0.48333333333333334,-1.800909090909091,-1.7666666666666668,0.014415584415584371,-0.03333333333333336,19.27883116883117,19.433333333333334,1.4966623376623378,1.413333333333333
2009,NJN,Eastern,Atlantic,34,48,82,0.41,12.0,6.0,319.0,1,7.7,7.7,0.4699999999999999,0.47,-4.5,-4.5,0.2,0.2,14.9,14.9,1.0,1.0
2009,NOH,Western,Southwest,49,33,82,0.6,6.0,4.0,219.0,1,10.8,10.8,0.58,0.58,-3.7,-3.7,3.0,3.0,9.9,9.9,2.0,2.0
2009,NYK,Eastern,Atlantic,32,50,82,0.39,15.0,9.0,995.0,3,12.926834170854272,12.800000000000002,0.565497487437186,0.5566666666666666,-0.7746733668341708,-0.8666666666666667,-0.3411055276381909,-0.3666666666666667,17.900402010050254,18.166666666666668,1.341718592964824,1.4733333333333334
2009,OKC,Western,Northwest,23,59,82,0.28,17.0,8.0,1292.0,4,8.84659442724458,8.725,0.4598606811145511,0.4575,-4.5966718266253865,-4.625,0.23490712074303405,0.2,15.458668730650153,15.525,1.2176393188854489,1.2550000000000001
2009,PHO,Western,Pacific,46,36,82,0.56,8.0,6.0,538.0,1,12.5,12.5,0.6,0.6,0.2,0.2,-0.4,-0.4,15.5,15.5,1.24,1.24
2009,SAC,Western,Pacific,17,65,82,0.21,20.0,10.0,692.0,2,14.18208092485549,12.6,0.5139161849710983,0.495,0.286271676300578,-0.3500000000000001,-1.3592485549132947,-1.5999999999999999,22.184682080924855,21.6,2.027615606936416,2.105
2009,SAS,Western,Southwest,54,28,82,0.66,3.0,1.0,683.0,3,13.845973645680818,12.799999999999999,0.48234260614934116,0.47000000000000003,-2.1234260614934115,-2.566666666666667,-0.38565153733528545,1.850371707708594e-17,23.171888726207907,22.0,1.0565153733528552,1.2066666666666668
2009,TOR,Eastern,Atlantic,33,49,82,0.4,14.0,8.0,263.0,1,12.9,12.9,0.42,0.42,-3.8,-3.8,-2.8,-2.8,23.0,23.0,0.33,0.33
2009,UTA,Western,Northwest,48,34,82,0.59,7.0,5.0,255.0,1,7.3,7.3,0.5,0.5,-4.5,-4.5,-1.8,-1.8,19.1,19.1,0.5,0.5
2009,WAS,Eastern,Southeast,19,63,82,0.23,18.0,10.0,539.0,2,9.105751391465677,8.95,0.4897402597402598,0.485,-4.243228200371058,-4.25,-0.39740259740259737,-0.35,12.962523191094618,12.8,1.1891465677179964,1.33
2010,BOS,Eastern,Atlantic,50,32,82,0.61,4.0,2.0,696.0,2,13.087931034482759,13.0,0.5606034482758621,0.565,0.08649425287356324,0.15000000000000002,0.10373563218390804,0.04999999999999999,18.88103448275862,18.5,2.612787356321839,2.625
2010,CHA,Eastern,Southeast,44,38,82,0.54,8.0,3.0,1166.0,2,13.835506003430533,14.05,0.5160548885077187,0.515,-2.774614065180103,-2.75,1.7394511149228131,1.75,18.089365351629503,18.55,0.618867924528302,0.615
2010,CHI,Eastern,Central,41,41,82,0.5,10.0,4.0,2115.0,4,13.824633569739952,12.7,0.5236122931442081,0.53,-1.8552718676122932,-2.6,0.5673758865248227,0.525,19.302978723404255,17.725,1.080534278959811,0.965
2010,CLE,Eastern,Central,61,21,82,0.74,1.0,1.0,236.0,1,10.2,10.2,0.52,0.52,-4.6,-4.6,-1.1,-1.1,17.3,17.3,0.0,0.0
2010,DAL,Western,Southwest,55,27,82,0.67,2.0,1.0,1168.0,4,9.799058219178082,9.625,0.4765068493150684,0.475,-3.0553082191780825,-3.1,-0.620291095890411,-0.625,16.186900684931505,16.075000000000003,1.5606934931506848,1.5675
2010,GSW,Western,Pacific,26,56,82,0.32,17.0,9.0,1188.0,2,14.425420875420876,13.65,0.5968350168350168,0.6,0.24309764309764306,-0.20000000000000007,-1.2873737373737375,-1.05,16.412794612794613,15.4,2.1420370370370367,2.055
2010,HOU,Western,Southwest,42,40,82,0.51,9.0,6.0,704.0,2,13.059090909090907,12.899999999999999,0.518125,0.515,-2.484659090909091,-2.55,-0.7340909090909092,-0.7000000000000001,16.185227272727275,16.1,0.9857954545454546,1.0
2010,IND,Eastern,Central,32,50,82,0.39,13.0,6.0,766.0,2,12.9355091383812,12.1,0.4633159268929504,0.47,-2.599477806788512,-2.8,-0.7339425587467362,-0.5,20.70626631853786,18.3,1.4333289817232377,1.435
2010,LAC,Western,Pacific,29,53,82,0.35,14.0,8.0,1261.0,2,12.418715305313244,12.45,0.5462569389373513,0.54,-0.4208564631245044,-0.4,-1.2604282315622521,-1.25,16.23687549563838,16.8,2.1566375892149092,1.995
2010,NJN,Eastern,Atlantic,12,70,82,0.15,20.0,10.0,1388.0,3,8.222766570605188,7.8999999999999995,0.4530187319884726,0.4566666666666666,-3.955763688760807,-4.8,-0.5089337175792508,-0.1666666666666667,19.30792507204611,18.033333333333335,1.2021253602305475,0.89
2010,NOH,Western,Southwest,37,45,82,0.45,12.0,7.0,828.0,3,11.926207729468599,11.966666666666667,0.49681159420289855,0.4966666666666666,-2.9718599033816426,-3.1,-0.5722222222222223,-0.4000000000000001,18.882729468599035,18.233333333333334,1.4883212560386472,1.4466666666666665
2010,NYK,Eastern,Atlantic,29,53,82,0.35,14.0,7.0,2185.0,5,12.4475057208238,11.96,0.5558627002288329,0.53,-1.5305720823798625,-2.16,-1.3632036613272311,-1.4,18.891945080091535,19.48,1.3536430205949657,1.232
2010,OKC,Western,Northwest,50,32,82,0.61,4.0,3.0,584.0,2,6.945034246575343,6.95,0.46648972602739724,0.46499999999999997,-4.714554794520549,-4.65,0.9304794520547944,1.0,11.55359589041096,11.350000000000001,1.8013698630136987,2.0
2010,PHI,Eastern,Atlantic,27,55,82,0.33,16.0,8.0,233.0,1,15.8,15.8,0.5700000000000001,0.57,1.9,1.9,-1.9,-1.9,20.3,20.3,3.0,3.0
2010,POR,Western,Northwest,50,32,82,0.61,4.0,3.0,502.0,1,23.1,23.1,0.65,0.65,0.9,0.9,2.6,2.6,20.7,20.7,0.47,0.47
2010,SAC,Western,Pacific,25,57,82,0.3,19.0,10.0,888.0,2,11.201576576576576,10.7,0.5359009009009009,0.53,-1.1336711711711713,-1.65,0.37623873873873875,0.44999999999999996,13.02117117117117,11.899999999999999,1.7600563063063064,1.555
2010,SAS,Western,Southwest,50,32,82,0.61,4.0,3.0,395.0,1,6.5,6.5,0.46,0.46,-2.3,-2.3,-0.2,-0.2,13.2,13.2,1.6,1.6
2010,TOR,Eastern,Atlantic,40,42,82,0.49,11.0,5.0,555.0,2,13.114594594594596,13.350000000000001,0.5615495495495495,0.5700000000000001,-2.137117117117117,-1.95,-0.5724324324324325,-0.5,18.343063063063063,18.5,0.7920540540540542,0.8500000000000001
2010,UTA,Western,Northwest,53,29,82,0.65,3.0,2.0,363.0,1,12.3,12.3,0.45,0.45,-1.1,-1.1,-0.4,-0.4,21.7,21.7,2.82,2.82
2010,WAS,Eastern,Southeast,26,56,82,0.32,17.0,9.0,261.0,1,0.3,0.3,0.33,0.33,-8.1,-8.1,-0.8,-0.8,11.4,11.4,0.67,0.67
2011,ATL,Eastern,Southeast,44,38,82,0.54,9.0,3.0,160.0,1,7.6,7.6,0.42000000000000004,0.42,-2.8,-2.8,-2.7,-2.7,28.1,28.1,1.0,1.0
2011,BOS,Eastern,Atlantic,56,26,82,0.68,3.0,1.0,2417.0,6,11.754489035995036,10.916666666666666,0.5372321059164253,0.5216666666666666,-2.2852709971038476,-2.6166666666666667,0.9858916011584608,1.0999999999999999,17.413156805957797,16.599999999999998,0.9317128671907322,1.0266666666666666
2011,CHA,Eastern,Southeast,34,48,82,0.41,15.0,5.0,1176.0,3,13.73767006802721,12.066666666666668,0.5136479591836735,0.48,-1.4446428571428571,-2.5,-0.574404761904762,-0.0666666666666667,17.187585034013605,15.733333333333334,1.2176190476190476,1.1066666666666667
2011,CLE,Eastern,Central,19,63,82,0.23,21.0,9.0,790.0,2,7.931392405063291,7.9,0.4303037974683545,0.43000000000000005,-3.8837974683544303,-3.9,-0.9454430379746835,-0.95,17.302025316455698,17.3,1.668392405063291,1.665
2011,DAL,Western,Southwest,57,25,82,0.7,2.0,2.0,1002.0,2,12.763473053892216,12.75,0.5302994011976048,0.53,-0.8265469061876248,-0.8500000000000001,0.09600798403193614,0.1,22.66007984031936,22.7,1.8044910179640719,1.8
2011,DEN,Western,Northwest,50,32,82,0.61,6.0,4.0,663.0,1,14.700000000000001,14.7,0.52,0.52,0.39999999999999997,0.4,0.6,0.6,18.5,18.5,3.1,3.1
2011,GSW,Western,Pacific,36,46,82,0.44,14.0,10.0,942.0,3,10.742356687898088,10.733333333333334,0.5019851380042463,0.5,-3.5962845010615707,-3.6666666666666665,-1.3,-1.3,18.249575371549895,18.233333333333334,0.5797346072186836,0.5766666666666667
2011,HOU,Western,Southwest,43,39,82,0.52,10.0,7.0,707.0,2,13.558415841584157,13.25,0.5162376237623763,0.51,-0.3851485148514851,-0.6000000000000001,0.595049504950495,0.5499999999999999,17.178217821782177,17.049999999999997,2.527920792079208,2.5300000000000002
2011,LAC,Western,Pacific,32,50,82,0.39,16.0,11.0,278.0,1,8.4,8.4,0.54,0.54,-1.8,-1.8,0.0,0.0,10.7,10.7,1.33,1.33
2011,MEM,Western,Southwest,46,36,82,0.56,7.0,5.0,557.0,1,10.6,10.6,0.53,0.53,-0.3,-0.3,0.2,0.2,10.1,10.1,2.0,2.0
2011,MIN,Western,Northwest,17,65,82,0.21,22.0,13.0,463.0,1,18.5,18.5,0.54,0.54,-0.7,-0.7,-0.3,-0.3,27.1,27.1,0.58,0.58
2011,NJN,Eastern,Atlantic,24,58,82,0.29,17.0,6.0,875.0,3,10.116457142857142,10.766666666666666,0.44827428571428574,0.4466666666666666,-3.462628571428571,-3.1333333333333333,0.5422857142857144,0.3666666666666667,16.0656,16.099999999999998,1.0727314285714287,1.14
2011,NOH,Western,Southwest,46,36,82,0.56,7.0,5.0,602.0,1,15.2,15.2,0.58,0.58,-0.8,-0.8,-1.2,-1.2,20.8,20.8,0.5,0.5
2011,NYK,Eastern,Atlantic,42,40,82,0.51,11.0,4.0,1290.0,4,9.591395348837208,10.424999999999999,0.48291472868217056,0.5075000000000001,-2.2348837209302324,-2.05,0.047674418604651186,-0.125,11.153023255813952,11.8,2.234720930232558,2.3
2011,OKC,Western,Northwest,55,27,82,0.67,4.0,3.0,429.0,1,16.0,16.0,0.58,0.58,-1.3,-1.3,-0.8000000000000002,-0.8,17.0,17.0,0.37,0.37
2011,ORL,Eastern,Southeast,52,30,82,0.63,5.0,2.0,985.0,3,10.505685279187817,10.166666666666666,0.5289441624365482,0.51,-1.7669035532994926,-1.9333333333333336,1.6232487309644672,1.7666666666666666,13.48984771573604,13.433333333333332,1.0748426395939086,1.2833333333333334
2011,PHO,Western,Pacific,40,42,82,0.49,12.0,8.0,765.0,2,14.11137254901961,13.649999999999999,0.503281045751634,0.495,-0.6848366013071895,-1.2999999999999998,-1.4075816993464052,-1.0999999999999999,25.43281045751634,25.35,2.1086143790849676,2.04
2011,SAC,Western,Pacific,24,58,82,0.29,17.0,12.0,406.0,1,12.0,12.0,0.53,0.53,-1.5,-1.5,-2.4,-2.4,22.800000000000004,22.8,0.8,0.8
2011,SAS,Western,Southwest,61,21,82,0.74,1.0,1.0,286.0,1,8.5,8.5,0.53,0.53,-1.1,-1.1,-0.6,-0.6,16.4,16.4,1.4,1.4
2011,TOR,Eastern,Atlantic,22,60,82,0.27,20.0,8.0,265.0,1,12.0,12.0,0.53,0.53,-3.8,-3.8,-0.2,-0.2,21.1,21.1,0.43,0.43
2011,UTA,Western,Northwest,39,43,82,0.48,13.0,9.0,444.0,1,16.8,16.8,0.55,0.55,-1.2,-1.2,-0.4000000000000001,-0.4,19.2,19.2,0.8000000000000002,0.8
2011,WAS,Eastern,Southeast,23,59,82,0.28,19.0,7.0,1435.0,3,11.02815331010453,11.266666666666666,0.5030243902439024,0.5,-1.735679442508711,-1.8666666666666665,-0.9933797909407666,-0.7666666666666666,17.013449477351912,17.033333333333335,1.0912473867595818,1.18
2012,BOS,Eastern,Atlantic,39,27,66,0.59,8.0,3.0,1211.0,3,10.248059454995872,9.533333333333333,0.5388191577208918,0.5499999999999999,-4.056729975227085,-4.5,1.2003303055326175,0.8333333333333334,14.12502064409579,14.233333333333334,0.4166473988439306,0.3833333333333333
2012,CHA,Eastern,Southeast,7,59,66,0.11,26.0,13.0,595.0,2,7.934453781512605,8.05,0.39084033613445374,0.395,-5.146218487394958,-5.1,0.7075630252100841,0.8,10.542857142857143,10.7,1.462436974789916,1.48
2012,CLE,Eastern,Central,21,45,66,0.32,23.0,11.0,2289.0,6,8.578986456968108,8.35,0.4798645696810835,0.48,-3.6694626474442993,-3.766666666666666,-1.436871996505024,-1.3833333333333335,15.616295325469636,15.066666666666668,1.2424945391000435,1.1416666666666666
2012,DEN,Western,Northwest,38,28,66,0.58,9.0,6.0,411.0,1,20.5,20.5,0.59,0.59,0.5,0.5,-0.1,-0.1,21.0,21.0,0.3,0.3
2012,DET,Eastern,Central,25,41,66,0.38,18.0,8.0,357.0,1,7.2,7.2,0.4,0.4,-4.6,-4.6,-0.9,-0.9,17.8,17.8,1.75,1.75
2012,GSW,Western,Pacific,23,43,66,0.35,19.0,11.0,804.0,2,11.293532338308458,11.05,0.5121393034825871,0.49,-1.5472636815920398,-2.3,-1.2213930348258706,-1.0,15.347761194029852,14.75,1.634825870646766,1.44
2012,HOU,Western,Southwest,34,32,66,0.52,14.0,8.0,458.0,1,19.6,19.6,0.49,0.49,1.7,1.7,1.8,1.8,14.6,14.6,3.4,3.4
2012,IND,Eastern,Central,42,24,66,0.64,4.0,2.0,436.0,1,13.400000000000002,13.4,0.5,0.5,-0.7,-0.7,-0.7,-0.7,23.199999999999996,23.2,1.25,1.25
2012,LAC,Western,Pacific,40,26,66,0.61,7.0,5.0,936.0,2,8.158333333333333,7.95,0.4742735042735043,0.47,-2.746581196581196,-2.8,-1.130128205128205,-1.05,16.65747863247863,16.15,0.6956196581196581,0.725
2012,LAL,Western,Pacific,41,25,66,0.62,5.0,3.0,665.0,2,6.762857142857143,6.4,0.4680902255639097,0.47,-3.8618045112781956,-3.9,-0.5,-0.5,12.784210526315789,12.45,1.1782255639097745,1.31
2012,MEM,Western,Southwest,41,25,66,0.62,5.0,3.0,1186.0,3,14.999494097807755,12.799999999999999,0.4891483979763912,0.48333333333333334,-0.4327993254637436,-1.5333333333333332,0.023187183811129847,0.6,20.683220910623945,19.366666666666667,1.2315514333895448,1.26
2012,MIA,Eastern,Southeast,46,20,66,0.7,3.0,1.0,318.0,1,6.699999999999999,6.7,0.43000000000000005,0.43,-4.4,-4.4,-0.7,-0.7,17.1,17.1,1.09,1.09
2012,MIL,Eastern,Central,31,35,66,0.47,15.0,7.0,463.0,1,14.3,14.3,0.49,0.49,-2.1,-2.1,1.4,1.4,14.3,14.3,1.38,1.38
2012,MIN,Western,Northwest,26,40,66,0.39,17.0,10.0,715.0,2,9.101958041958042,9.15,0.4633986013986014,0.46499999999999997,-4.094125874125875,-3.95,0.4921678321678322,0.30000000000000004,16.29020979020979,16.05,0.9680279720279722,1.165
2012,NJN,Eastern,Atlantic,22,44,66,0.33,21.0,10.0,514.0,1,4.9,4.9,0.37,0.37,-4.2,-4.2,-2.2,-2.2,14.7,14.7,1.2,1.2
2012,NOH,Western,Southwest,21,45,66,0.32,23.0,13.0,209.0,1,9.0,9.0,0.49,0.49,-3.1,-3.1,-0.2,-0.2,17.4,17.4,1.4,1.4
2012,NYK,Eastern,Atlantic,36,30,66,0.55,11.0,5.0,595.0,1,10.0,10.0,0.45999999999999996,0.46,-1.9,-1.9,-0.2,-0.2,20.4,20.4,1.81,1.81
2012,OKC,Western,Northwest,47,19,66,0.71,2.0,2.0,407.0,1,5.9,5.9,0.43,0.43,-4.3,-4.3,-0.6,-0.6,14.3,14.3,1.75,1.75
2012,ORL,Eastern,Southeast,37,29,66,0.56,10.0,4.0,187.0,1,12.700000000000001,12.7,0.55,0.55,-3.6,-3.6,0.6,0.6,12.0,12.0,0.75,0.75
2012,PHI,Eastern,Atlantic,35,31,66,0.53,13.0,6.0,295.0,1,7.3,7.3,0.4,0.4,-4.4,-4.4,1.5,1.5,9.0,9.0,6.0,6.0
2012,POR,Western,Northwest,28,38,66,0.42,16.0,9.0,730.0,2,8.425068493150686,9.15,0.4784520547945205,0.475,-3.413835616438356,-2.85,-1.5857534246575342,-2.0,12.865616438356167,14.350000000000001,1.1276438356164382,1.39
2012,SAC,Western,Pacific,22,44,66,0.33,21.0,12.0,369.0,1,16.5,16.5,0.51,0.51,0.6,0.6,-0.19999999999999998,-0.2,22.2,22.2,1.72,1.72
2012,SAS,Western,Southwest,50,16,66,0.76,1.0,1.0,1167.0,3,14.630762639245928,15.566666666666668,0.5874035989717225,0.5933333333333334,-0.383547557840617,0.20000000000000004,1.0514138817480718,0.7333333333333334,18.602913453299056,19.7,1.4059640102827764,1.4400000000000002
2012,TOR,Eastern,Atlantic,23,43,66,0.35,19.0,9.0,357.0,1,10.5,10.5,0.38,0.38,-3.2,-3.2,1.8,1.8,16.0,16.0,3.0799999999999996,3.08
2012,UTA,Western,Northwest,36,30,66,0.55,11.0,7.0,327.0,1,10.1,10.1,0.45,0.45,-1.9,-1.9,-0.8,-0.8,15.8,15.8,1.6,1.6
2012,WAS,Eastern,Southeast,20,46,66,0.3,25.0,12.0,1360.0,3,10.828970588235293,10.800000000000002,0.4804264705882353,0.49333333333333335,-2.3251470588235295,-2.1333333333333333,-1.1336764705882352,-1.0666666666666667,19.317720588235293,18.733333333333334,0.8314632352941176,0.8466666666666667
2013,ATL,Eastern,Southeast,44,38,82,0.54,7.0,2.0,950.0,3,9.532736842105264,10.000000000000002,0.5160315789473684,0.5233333333333333,-3.582421052631579,-3.3000000000000003,-0.10789473684210527,-0.10000000000000002,17.00010526315789,17.4,1.6191684210526316,1.6666666666666667
2013,BOS,Eastern,Atlantic,41,40,81,0.51,8.0,3.0,1098.0,3,12.79016393442623,13.4,0.5219125683060108,0.53,-1.9382513661202183,-2.1,-1.243169398907104,-1.0333333333333334,20.78743169398907,19.633333333333333,1.432568306010929,1.28
2013,CHA,Eastern,Southeast,21,61,82,0.26,21.0,10.0,1360.0,4,10.67014705882353,10.399999999999999,0.43758823529411767,0.425,-3.113088235294118,-3.15,-1.4980882352941176,-1.3,20.274411764705885,19.25,1.0600882352941177,1.1275
2013,CLE,Eastern,Central,24,58,82,0.29,20.0,9.0,900.0,3,9.789555555555555,9.133333333333333,0.4590444444444444,0.44999999999999996,-1.834888888888889,-2.3333333333333335,-1.6347777777777779,-1.5666666666666667,20.813333333333333,19.733333333333334,1.9227333333333334,1.9233333333333331
2013,DAL,Western,Southwest,41,41,82,0.5,9.0,6.0,338.0,1,12.399999999999999,12.4,0.44,0.44,-1.7000000000000002,-1.7,-1.7999999999999998,-1.8,23.0,23.0,2.23,2.23
2013,DET,Eastern,Central,29,53,82,0.35,15.0,7.0,1080.0,3,10.953796296296296,10.633333333333333,0.5365925925925926,0.5333333333333333,-2.1950000000000003,-2.466666666666667,-0.1614814814814815,-0.23333333333333336,16.76212962962963,17.166666666666668,1.969851851851852,1.8399999999999999
2013,HOU,Western,Southwest,45,37,82,0.55,5.0,4.0,1314.0,5,13.231963470319634,12.860000000000003,0.5165372907153728,0.508,-0.6290715372907155,-0.8200000000000001,0.702283105022831,0.6,17.816438356164387,17.94,1.3154642313546425,1.292
2013,LAC,Western,Pacific,56,26,82,0.68,3.0,3.0,855.0,2,9.786666666666667,9.9,0.5131111111111111,0.515,-1.9266666666666663,-1.8499999999999999,-0.6911111111111111,-0.7000000000000001,16.73777777777778,16.8,1.4057777777777778,1.415
2013,LAL,Western,Pacific,45,37,82,0.55,5.0,4.0,655.0,2,14.830687022900763,12.4,0.49390839694656485,0.47,-1.6639694656488548,-2.6999999999999997,-1.8706870229007637,-2.05,20.260152671755726,20.299999999999997,0.5572977099236641,0.635
2013,MIL,Eastern,Central,38,44,82,0.46,10.0,4.0,1409.0,3,10.385095812633073,9.299999999999999,0.5024982256919801,0.4833333333333334,-2.0422285308729595,-3.033333333333333,-1.3520227111426544,-1.3,19.181405251951738,19.033333333333335,1.7316891412349182,1.4566666666666668
2013,MIN,Western,Northwest,31,51,82,0.38,14.0,8.0,797.0,2,11.584692597239648,11.2,0.4982434127979925,0.49,-1.252697616060226,-1.5,-0.11104140526976161,0.15000000000000002,18.39686323713927,17.6,1.4879924717691344,1.635
2013,NOH,Western,Southwest,27,55,82,0.33,18.0,10.0,209.0,1,11.7,11.7,0.45,0.45,-2.1,-2.1,1.0,1.0,12.7,12.7,1.0,1.0
2013,NYK,Eastern,Atlantic,54,28,82,0.66,4.0,1.0,1659.0,4,16.971850512356845,15.325,0.550657022302592,0.51,-0.6336949969861362,-1.4249999999999998,-0.08523206751054858,0.17500000000000002,20.811030741410487,19.775,0.470717299578059,0.57
2013,OKC,Western,Northwest,60,22,82,0.73,1.0,1.0,346.0,1,7.0,7.0,0.4799999999999999,0.48,-3.2,-3.2,0.0,0.0,15.099999999999998,15.1,1.4,1.4
2013,ORL,Eastern,Southeast,20,62,82,0.24,22.0,11.0,1035.0,2,12.489565217391306,10.7,0.5071304347826087,0.505,-0.92,-1.9000000000000001,-1.713913043478261,-1.65,18.048695652173915,16.6,2.533478260869565,2.15
2013,PHI,Eastern,Atlantic,34,48,82,0.41,11.0,5.0,269.0,1,8.8,8.8,0.45,0.45,-4.9,-4.9,0.0,0.0,9.1,9.1,1.0,1.0
2013,PHO,Western,Pacific,25,57,82,0.3,19.0,11.0,605.0,2,9.6099173553719,9.899999999999999,0.4616528925619835,0.46499999999999997,-4.987603305785124,-5.3,-0.228099173553719,-0.15,19.617355371900825,19.45,0.5485123966942149,0.505
2013,POR,Western,Northwest,33,49,82,0.4,13.0,7.0,572.0,1,10.6,10.6,0.51,0.51,-1.6,-1.6,-2.7,-2.7,18.6,18.6,2.22,2.22
2013,SAC,Western,Pacific,28,54,82,0.34,17.0,9.0,1107.0,3,15.199186991869919,15.4,0.5613008130081302,0.5700000000000001,0.025112917795844635,-0.2333333333333333,0.17190605239385723,0.4333333333333333,15.650135501355011,15.200000000000001,1.667416440831075,1.4366666666666668
2013,SAS,Western,Southwest,58,24,82,0.71,2.0,2.0,388.0,1,13.5,13.5,0.53,0.53,-1.2,-1.2,0.8,0.8,16.6,16.6,2.37,2.37
2013,TOR,Eastern,Atlantic,34,48,82,0.41,11.0,5.0,1334.0,4,9.4167916041979,9.4,0.5064767616191904,0.505,-2.856671664167916,-2.9,-0.5080959520239879,-0.32499999999999996,15.558620689655173,14.849999999999998,0.9138680659670164,0.9575
2013,WAS,Eastern,Southeast,29,53,82,0.35,15.0,7.0,320.0,1,7.4,7.4,0.43,0.43,-5.4,-5.4,1.6,1.6,12.8,12.8,2.2,2.2
2014,ATL,Eastern,Southeast,38,44,82,0.46,15.0,8.0,644.0,2,12.198913043478262,11.850000000000001,0.49332298136645963,0.49,-3.1677018633540373,-3.5,0.5987577639751551,0.19999999999999996,16.302329192546583,17.05,0.8898291925465838,0.835
2014,BRK,Eastern,Atlantic,44,38,82,0.54,11.0,4.0,1134.0,3,11.960141093474427,10.066666666666668,0.514973544973545,0.5,-1.7317460317460318,-3.266666666666667,-1.3940035273368607,-1.2666666666666668,21.969488536155204,20.666666666666668,1.36647266313933,1.5133333333333334
2014,CHA,Eastern,Southeast,43,39,82,0.52,13.0,6.0,4098.0,10,9.594875549048314,9.960000000000003,0.48628111273792085,0.4880000000000001,-3.5101512933138115,-3.5,-0.17979502196193264,-2.2204460492503132e-17,18.793216203025864,18.18,1.3975353831137138,1.4200000000000002
2014,CHA,Eastern,Southeast,43,39,82,0.52,13.0,6.0,4098.0,10,9.594875549048314,9.960000000000003,0.48628111273792085,0.4880000000000001,-3.5101512933138115,-3.5,-0.17979502196193264,-2.2204460492503132e-17,18.793216203025864,18.18,1.3975353831137138,1.4200000000000002
2014,CHI,Eastern,Central,48,34,82,0.59,9.0,3.0,242.0,1,0.0,0.0,0.31,0.31,-8.1,-8.1,0.1,0.1,17.2,17.2,1.67,1.67
2014,CLE,Eastern,Central,33,49,82,0.4,19.0,10.0,480.0,1,14.8,14.8,0.46,0.46,-1.5,-1.5,-0.4,-0.4,23.4,23.4,0.85,0.85
2014,DEN,Western,Northwest,36,46,82,0.44,17.0,8.0,1147.0,2,13.326852659110724,13.7,0.507332170880558,0.505,-0.9402789886660854,-1.5,0.02720139494333037,1.1,18.979337401918045,17.65,1.8464864864864865,1.4849999999999999
2014,DET,Eastern,Central,29,53,82,0.35,20.0,11.0,309.0,1,5.3,5.3,0.43,0.43,-4.2,-4.2,-1.6,-1.6,15.1,15.1,1.6900000000000002,1.69
2014,GSW,Western,Pacific,51,31,82,0.62,7.0,5.0,872.0,2,8.518692660550458,7.95,0.49,0.49,-2.42545871559633,-2.7,0.8088302752293579,0.75,13.114564220183485,14.35,2.622694954128441,2.205
2014,HOU,Western,Southwest,54,28,82,0.66,5.0,4.0,601.0,2,10.777537437603993,10.6,0.5216139767054908,0.52,-1.5708818635607322,-1.7,-0.6289517470881864,-0.75,19.722462562396007,19.9,1.0,1.0
2014,IND,Eastern,Central,56,26,82,0.68,4.0,1.0,1224.0,2,10.020098039215686,10.0,0.4806699346405228,0.48,-2.0531045751633985,-2.0999999999999996,0.3066993464052287,0.30000000000000004,19.473447712418302,19.450000000000003,1.3538480392156864,1.385
2014,LAC,Western,Pacific,57,25,82,0.7,3.0,3.0,556.0,2,9.184892086330935,9.05,0.4764748201438849,0.47,-4.444604316546762,-4.45,-0.07841726618705035,-0.09999999999999999,17.328776978417263,17.55,0.6842446043165468,0.715
2014,LAL,Western,Pacific,27,55,82,0.33,22.0,11.0,541.0,2,14.012199630314234,14.35,0.5279297597042514,0.5349999999999999,-0.7099815157116451,-0.6,-1.6678373382624767,-1.5499999999999998,20.33290203327172,20.6,2.1284103512014787,2.02
2014,MEM,Western,Southwest,50,32,82,0.61,8.0,6.0,270.0,1,10.3,10.3,0.52,0.52,-1.0,-1.0,-1.0,-1.0,18.0,18.0,1.3,1.3
2014,MIA,Eastern,Southeast,54,28,82,0.66,5.0,2.0,906.0,3,11.297350993377483,11.5,0.5483664459161148,0.5633333333333334,-0.3370860927152319,0.09999999999999994,-0.23774834437086093,-0.4000000000000001,15.284326710816778,15.233333333333334,2.3881898454746135,2.356666666666667
2014,MIL,Eastern,Central,15,67,82,0.18,26.0,14.0,1614.0,2,18.17472118959108,18.2,0.5668959107806691,0.565,1.6137546468401487,1.5,-2.1942379182156135,-2.15,20.770074349442382,20.65,1.7884758364312268,1.7
2014,NOP,Western,Southwest,34,48,82,0.41,18.0,9.0,657.0,2,11.287823439878235,10.649999999999999,0.5003957382039573,0.485,-1.876407914764079,-3.35,-0.7639269406392696,-0.5,16.159817351598175,15.5,1.4211111111111112,1.1
2014,NYK,Eastern,Atlantic,37,45,82,0.45,16.0,9.0,388.0,1,11.7,11.7,0.47,0.47,-1.9,-1.9,0.5,0.5,20.0,20.0,0.86,0.86
2014,OKC,Western,Northwest,59,23,82,0.72,2.0,2.0,598.0,1,11.9,11.9,0.55,0.55,0.2,0.2,0.5,0.5,15.0,15.0,3.0,3.0
2014,ORL,Eastern,Southeast,23,59,82,0.28,24.0,12.0,234.0,1,12.5,12.5,0.49,0.49,-3.5,-3.5,-0.4,-0.4,13.5,13.5,0.17,0.17
2014,PHI,Eastern,Atlantic,19,63,82,0.23,25.0,13.0,835.0,3,13.326946107784432,13.333333333333334,0.5730898203592815,0.57,-2.4004790419161677,-2.266666666666667,0.4392814371257485,0.3333333333333333,14.842754491017963,15.233333333333334,1.014814371257485,0.9566666666666667
2014,PHO,Western,Pacific,48,34,82,0.59,9.0,7.0,368.0,1,11.5,11.5,0.51,0.51,-1.8,-1.8,-1.0,-1.0,20.0,20.0,1.6,1.6
2014,SAC,Western,Pacific,28,54,82,0.34,21.0,10.0,1772.0,5,11.014785553047405,11.0,0.4973532731376975,0.49800000000000005,-2.2227990970654625,-2.2800000000000002,-0.08402934537246047,-0.05999999999999996,13.62844243792325,13.36,1.3198645598194132,1.2280000000000002
2014,SAS,Western,Southwest,62,20,82,0.76,1.0,1.0,301.0,1,13.2,13.2,0.55,0.55,-1.5,-1.5,1.7,1.7,18.6,18.6,1.5,1.5
2014,UTA,Western,Northwest,25,57,82,0.3,23.0,12.0,225.0,1,15.3,15.3,0.58,0.58,-1.6,-1.6,1.9,1.9,17.1,17.1,0.5,0.5
2014,WAS,Eastern,Southeast,44,38,82,0.54,11.0,4.0,1057.0,3,14.64824976348155,13.933333333333332,0.5405960264900662,0.5333333333333333,-1.0490066225165562,-1.4000000000000001,0.4223273415326395,0.26666666666666666,16.92592242194891,17.0,1.7579470198675498,1.5533333333333335
2015,ATL,Eastern,Southeast,60,22,82,0.73,1.0,1.0,297.0,1,15.9,15.9,0.63,0.63,0.8,0.8,-0.5,-0.5,17.8,17.8,1.67,1.67
2015,BOS,Eastern,Atlantic,40,42,82,0.49,12.0,4.0,1264.0,3,18.340822784810126,17.566666666666666,0.5637104430379747,0.5733333333333334,3.084098101265823,2.8000000000000003,-0.5834651898734177,-0.6,24.110205696202534,23.0,1.745007911392405,1.5833333333333333
2015,CHO,Eastern,Southeast,33,49,82,0.4,16.0,6.0,689.0,2,10.07953555878084,10.7,0.48000000000000004,0.48,-3.4105950653120467,-3.1500000000000004,-0.7127721335268505,-0.75,16.48867924528302,16.65,0.8994194484760522,0.82
2015,DAL,Western,Southwest,50,32,82,0.61,7.0,6.0,1150.0,3,21.58086956521739,20.233333333333334,0.6587391304347826,0.6366666666666666,2.6421739130434783,2.1333333333333333,0.37782608695652176,0.3,18.59391304347826,18.666666666666668,0.7814347826086956,0.8266666666666667
2015,DEN,Western,Northwest,30,52,82,0.37,18.0,11.0,1146.0,3,14.773298429319372,14.366666666666665,0.5255410122164049,0.5299999999999999,-1.2499999999999998,-2.1,0.45139616055846427,0.2333333333333333,20.43647469458988,20.03333333333333,0.8606020942408377,0.6233333333333334
2015,DET,Eastern,Central,32,50,82,0.39,17.0,7.0,843.0,2,12.187188612099643,12.4,0.4803202846975089,0.475,-0.7418742586002373,-0.6,-0.7130486358244366,-1.05,16.377817319098455,17.299999999999997,2.813962040332147,3.0250000000000004
2015,HOU,Western,Southwest,56,26,82,0.68,2.0,1.0,1164.0,3,11.594329896907215,11.6,0.5327319587628866,0.5333333333333333,-1.4384020618556703,-1.3999999999999997,-0.10798969072164952,-0.1333333333333333,13.689948453608245,13.833333333333334,2.159381443298969,2.1233333333333335
2015,LAC,Western,Pacific,56,26,82,0.68,2.0,1.0,263.0,1,8.8,8.8,0.58,0.58,-1.5,-1.5,0.3,0.3,10.7,10.7,1.0,1.0
2015,LAL,Western,Pacific,21,61,82,0.26,20.0,12.0,568.0,1,11.0,11.0,0.55,0.55,-1.9000000000000001,-1.9,-2.4,-2.4,18.8,18.8,1.24,1.24
2015,MEM,Western,Southwest,55,27,82,0.67,4.0,3.0,628.0,1,10.6,10.6,0.48,0.48,-0.9,-0.9,-0.8,-0.8,15.4,15.4,2.33,2.33
2015,MIA,Eastern,Southeast,37,45,82,0.45,15.0,5.0,1090.0,3,10.252752293577982,10.166666666666666,0.5106697247706422,0.52,-3.2908256880733946,-3.0666666666666664,-0.4028440366972477,-0.43333333333333335,17.97559633027523,16.46666666666667,1.2423302752293577,1.3333333333333333
2015,MIL,Eastern,Central,41,41,82,0.5,11.0,3.0,1356.0,3,12.100147492625368,11.4,0.49674041297935106,0.49000000000000005,-2.501991150442478,-2.6333333333333333,0.6002949852507374,0.4666666666666666,17.274778761061945,17.466666666666665,1.5659955752212387,1.6633333333333333
2015,MIN,Western,Northwest,16,66,82,0.2,23.0,13.0,764.0,2,11.900523560209423,12.6,0.4756282722513089,0.48,-2.546727748691099,-2.3499999999999996,0.04672774869109946,-0.15,13.293979057591624,13.600000000000001,2.7341623036649216,2.45
2015,NOP,Western,Southwest,45,37,82,0.55,9.0,7.0,953.0,2,10.475131164742916,8.85,0.4916684155299056,0.47,-2.0066107030430222,-2.7,-0.6050367261280168,-0.14999999999999997,17.39853095487933,14.950000000000001,2.3764847848898216,2.565
2015,NYK,Eastern,Atlantic,17,65,82,0.21,22.0,10.0,619.0,1,11.5,11.5,0.49,0.49,-0.9,-0.9,-1.9,-1.9,23.3,23.3,1.79,1.79
2015,OKC,Western,Northwest,45,37,82,0.55,9.0,7.0,1910.0,4,8.506806282722513,8.5,0.46346596858638744,0.45999999999999996,-2.27979057591623,-2.35,-0.6464397905759163,-0.55,15.097015706806282,15.500000000000002,1.8782774869109946,1.8625
2015,ORL,Eastern,Southeast,25,57,82,0.3,19.0,8.0,208.0,1,5.9,5.9,0.36,0.36,-4.7,-4.7,-0.1,-0.1,13.099999999999998,13.1,1.8299999999999998,1.83
2015,PHI,Eastern,Atlantic,18,64,82,0.22,21.0,9.0,1681.0,5,14.317906008328375,13.98,0.4906603212373587,0.49399999999999994,-1.0696014277215944,-1.28,-0.6960737656157049,-0.8,21.10475907198097,20.56,1.5580071386079715,1.49
2015,PHO,Western,Pacific,39,43,82,0.48,13.0,9.0,272.0,1,7.8,7.8,0.52,0.52,-1.3,-1.3,-1.2,-1.2,14.2,14.2,0.8,0.8
2015,POR,Western,Northwest,51,31,82,0.62,6.0,5.0,151.0,1,9.7,9.7,0.47,0.47,-3.8,-3.8,0.6,0.6,18.5,18.5,0.8,0.8
2015,SAS,Western,Southwest,55,27,82,0.67,4.0,3.0,268.0,1,7.1,7.1,0.44,0.44,-4.6,-4.6,-0.6,-0.6,22.9,22.9,0.43,0.43
2015,UTA,Western,Northwest,38,44,82,0.46,14.0,10.0,159.0,1,14.5,14.5,0.52,0.52,-0.6,-0.6,-1.7000000000000002,-1.7,25.6,25.6,1.25,1.25
2015,WAS,Eastern,Southeast,46,36,82,0.56,8.0,2.0,546.0,1,14.7,14.7,0.55,0.55,-0.2,-0.2,0.3,0.3,18.6,18.6,2.38,2.38
2016,ATL,Eastern,Southeast,48,34,82,0.59,6.0,3.0,558.0,2,10.092473118279571,9.8,0.4893010752688173,0.485,-4.038172043010753,-4.15,0.6114695340501792,0.6000000000000001,18.04336917562724,17.9,0.8317204301075269,0.8300000000000001
2016,BRK,Eastern,Atlantic,21,61,82,0.26,20.0,9.0,1511.0,3,14.604367968232957,14.366666666666665,0.5292256783587028,0.5233333333333333,-0.6865651886168102,-0.8666666666666667,-0.21032428855062865,-0.26666666666666655,18.353606882859033,18.400000000000002,1.1653673064195895,1.0866666666666667
2016,CHI,Eastern,Central,42,40,82,0.51,8.0,5.0,1145.0,2,13.075545851528384,12.95,0.4634497816593886,0.47,-1.6781659388646288,-1.7,1.7192139737991265,1.55,15.268995633187773,15.4,1.9273799126637554,1.9049999999999998
2016,CLE,Eastern,Central,57,25,82,0.7,2.0,1.0,446.0,1,14.9,14.9,0.59,0.59,1.3,1.3,-0.2,-0.2,18.3,18.3,2.0,2.0
2016,DAL,Western,Southwest,42,40,82,0.51,8.0,4.0,433.0,1,24.0,24.0,0.66,0.66,2.3,2.3,0.6,0.6,20.0,20.0,1.09,1.09
2016,DEN,Western,Northwest,33,49,82,0.4,14.0,7.0,2032.0,5,12.289468503937009,11.239999999999998,0.5335679133858268,0.518,-1.323474409448819,-2.08,-0.6723425196850396,-0.4800000000000001,17.143011811023623,16.5,1.6078838582677166,1.4820000000000002
2016,DET,Eastern,Central,44,38,82,0.54,7.0,4.0,416.0,1,13.099999999999998,13.1,0.49,0.49,0.1,0.1,-0.2,-0.2,19.0,19.0,3.0,3.0
2016,HOU,Western,Southwest,41,41,82,0.5,11.0,6.0,784.0,2,14.552551020408163,15.1,0.4848214285714286,0.49,-1.2904336734693878,-1.0499999999999998,-1.414795918367347,-1.4,25.618877551020407,25.9,1.0136734693877552,0.99
2016,LAC,Western,Pacific,53,29,82,0.65,5.0,3.0,709.0,1,12.0,12.0,0.5,0.5,-1.8,-1.8,-0.7,-0.7,20.4,20.4,1.67,1.67
2016,LAL,Western,Pacific,17,65,82,0.21,21.0,12.0,919.0,2,6.815125136017411,7.65,0.4439281828073993,0.44999999999999996,-4.0821545157780195,-3.9,-1.1044613710554951,-1.15,12.149075081610446,12.65,1.3303590859630032,1.2999999999999998
2016,MEM,Western,Southwest,42,40,82,0.51,8.0,4.0,1813.0,4,13.688527302813016,12.975,0.5293325979040265,0.5275000000000001,-0.9234969663541093,-1.2750000000000001,-1.451130722559294,-1.4749999999999999,19.670049641478215,18.425,1.1438610038610038,1.0575
2016,MIL,Eastern,Central,33,49,82,0.4,14.0,8.0,460.0,1,7.4,7.4,0.44,0.44,-3.4,-3.4,-2.9,-2.9,18.5,18.5,2.35,2.35
2016,MIN,Western,Northwest,29,53,82,0.35,18.0,10.0,472.0,2,11.340677966101696,10.8,0.6152542372881357,0.605,-2.142372881355932,-2.4499999999999997,-1.3406779661016948,-1.35,13.054237288135594,12.7,1.6101694915254237,1.475
2016,NOP,Western,Southwest,30,52,82,0.37,17.0,9.0,1086.0,2,17.509208103130756,17.700000000000003,0.5059116022099447,0.51,1.072744014732965,1.1,-0.5431860036832412,-0.55,21.375046040515652,21.45,3.2506721915285457,3.2350000000000003
2016,OKC,Western,Northwest,55,27,82,0.67,4.0,2.0,572.0,1,7.1,7.1,0.47,0.47,-2.2,-2.2,-0.1,-0.1,14.1,14.1,1.8000000000000003,1.8
2016,ORL,Eastern,Southeast,35,47,82,0.43,13.0,7.0,899.0,2,14.498887652947719,14.5,0.5049165739710789,0.505,-0.09777530589543938,-0.1,-1.5480533926585092,-1.5499999999999998,19.607230255839823,19.6,1.9351724137931035,1.93
2016,PHI,Eastern,Atlantic,10,72,82,0.12,22.0,10.0,225.0,1,11.4,11.4,0.46,0.46,-4.7,-4.7,1.3,1.3,16.9,16.9,1.83,1.83
2016,PHO,Western,Pacific,23,59,82,0.28,19.0,11.0,487.0,2,10.7911704312115,10.55,0.5641067761806982,0.565,-1.080287474332649,-1.25,-0.864271047227926,-0.9,15.221560574948665,14.899999999999999,1.467700205338809,1.415
2016,SAC,Western,Pacific,33,49,82,0.4,14.0,7.0,176.0,1,11.3,11.3,0.49,0.49,-2.5,-2.5,0.6,0.6,16.2,16.2,3.0,3.0
2016,SAS,Western,Southwest,67,15,82,0.82,1.0,1.0,261.0,1,10.1,10.1,0.5,0.5,-3.1,-3.1,-0.4,-0.4,19.5,19.5,1.0,1.0
2016,TOR,Eastern,Atlantic,56,26,82,0.68,3.0,2.0,292.0,1,14.7,14.7,0.57,0.57,-1.2,-1.2,0.6,0.6,13.0,13.0,1.25,1.25
2016,WAS,Eastern,Southeast,41,41,82,0.5,11.0,6.0,466.0,1,11.8,11.8,0.52,0.52,-1.4,-1.4,-0.9,-0.9,18.0,18.0,0.86,0.86
2017,ATL,Eastern,Southeast,43,39,82,0.52,8.0,4.0,1075.0,3,11.018511627906976,9.366666666666667,0.4922697674418605,0.4633333333333334,-2.107720930232558,-2.8666666666666667,0.24930232558139534,0.0,17.63981395348837,16.333333333333332,1.7401488372093021,2.0
2017,BRK,Eastern,Atlantic,20,62,82,0.24,19.0,9.0,557.0,2,13.542728904847396,13.6,0.5457809694793537,0.545,-0.9202872531418312,-0.8500000000000001,-0.7427289048473967,-0.7999999999999999,19.347396768402156,19.35,0.7369838420107719,0.75
2017,CHI,Eastern,Central,41,41,82,0.5,10.0,5.0,241.0,1,11.6,11.6,0.45,0.45,-2.9,-2.9,-1.2,-1.2,20.7,20.7,1.25,1.25
2017,CLE,Eastern,Central,51,31,82,0.62,3.0,1.0,1279.0,3,10.212431587177482,10.033333333333333,0.5814464425332291,0.58,-1.562470680218921,-1.6333333333333335,-1.2992181391712276,-1.2333333333333334,15.60562939796716,15.4,1.5686630179827992,1.54
2017,DAL,Western,Southwest,33,49,82,0.4,14.0,8.0,1296.0,3,13.293750000000001,12.9,0.52125,0.52,-2.9173611111111106,-2.7999999999999994,1.676388888888889,1.2,15.805555555555555,18.0,1.0611805555555556,1.09
2017,DEN,Western,Northwest,40,42,82,0.49,12.0,6.0,632.0,1,16.3,16.3,0.57,0.57,-1.1,-1.1,1.0,1.0,17.5,17.5,1.53,1.53
2017,GSW,Western,Pacific,67,15,82,0.82,1.0,1.0,410.0,1,10.7,10.7,0.57,0.57,-2.0,-2.0,1.3,1.3,13.1,13.1,1.92,1.92
2017,HOU,Western,Southwest,55,27,82,0.67,2.0,2.0,591.0,1,15.399999999999999,15.4,0.55,0.55,1.0,1.0,-1.5,-1.5,25.3,25.3,1.41,1.41
2017,LAC,Western,Pacific,51,31,82,0.62,3.0,3.0,277.0,1,5.7,5.7,0.54,0.54,-4.7,-4.7,0.1,0.1,14.8,14.8,0.67,0.67
2017,LAL,Western,Pacific,26,56,82,0.32,18.0,10.0,1676.0,5,11.947673031026255,11.6,0.52604415274463,0.516,-1.990453460620525,-2.12,-0.23245823389021478,-0.34,16.153460620525056,16.22,1.9786634844868733,2.046
2017,MEM,Western,Southwest,43,39,82,0.52,8.0,5.0,1259.0,3,12.510722795869738,12.333333333333334,0.5205480540111199,0.5166666666666666,-2.5056393963463064,-2.6,1.210246227164416,1.2333333333333334,17.009451945988882,17.03333333333333,1.4873153296266879,1.5133333333333334
2017,MIA,Eastern,Southeast,41,41,82,0.5,10.0,5.0,758.0,2,9.949208443271768,9.95,0.4499472295514513,0.45,-2.397361477572559,-2.4,-0.14815303430079155,-0.15,18.640765171503958,18.65,1.6534300791556729,1.65
2017,NOP,Western,Southwest,34,48,82,0.41,13.0,7.0,1115.0,3,16.692017937219735,16.733333333333334,0.5292466367713003,0.5266666666666666,0.16825112107623322,-0.16666666666666663,-0.3132735426008968,-0.6333333333333333,25.330313901345292,24.400000000000002,1.9954618834080717,1.7133333333333336
2017,NYK,Eastern,Atlantic,31,51,82,0.38,16.0,7.0,225.0,1,12.3,12.3,0.56,0.56,-2.0,-2.0,-1.3,-1.3,19.6,19.6,1.78,1.78
2017,OKC,Western,Northwest,47,35,82,0.57,7.0,4.0,1237.0,3,10.243815683104286,9.733333333333334,0.5033225545675021,0.49333333333333335,-2.258609539207761,-2.5,-1.100485044462409,-1.0666666666666667,17.4749393694422,17.566666666666666,1.5388035569927243,1.6666666666666667
2017,PHI,Eastern,Atlantic,28,54,82,0.34,17.0,8.0,1316.0,3,18.237841945288753,19.233333333333334,0.597112462006079,0.5966666666666667,0.26550151975683883,0.6333333333333333,0.6107902735562308,0.23333333333333325,18.915197568389058,20.13333333333333,1.106276595744681,1.09
2017,SAC,Western,Pacific,32,50,82,0.39,15.0,9.0,1127.0,3,10.678172138420585,10.699999999999998,0.5322271517302574,0.5333333333333333,-2.475687666370896,-2.5,-1.2047914818101153,-1.2,16.18952972493345,16.2,1.342369121561668,1.3299999999999998
2017,TOR,Eastern,Atlantic,51,31,82,0.62,3.0,1.0,1055.0,2,12.344644549763034,12.7,0.5284549763033175,0.53,-0.8504265402843602,-0.75,1.9845497630331752,2.0,13.309668246445499,13.75,2.0413744075829383,2.08
2017,WAS,Eastern,Southeast,49,33,82,0.6,6.0,3.0,975.0,2,12.782051282051281,12.2,0.5202666666666667,0.49,-0.580923076923077,-0.9999999999999999,-1.693128205128205,-1.6,19.745025641025638,19.0,2.129569230769231,2.615
2018,ATL,Eastern,Southeast,24,58,82,0.29,21.0,14.0,880.0,3,8.227954545454544,8.433333333333334,0.4703409090909091,0.4666666666666666,-3.935340909090909,-3.5,-0.4909090909090909,-0.7999999999999999,16.415340909090908,15.766666666666666,2.308977272727273,2.753333333333334
2018,BOS,Eastern,Atlantic,55,27,82,0.67,2.0,1.0,496.0,1,23.0,23.0,0.58,0.58,1.2,1.2,2.4,2.4,24.9,24.9,1.28,1.28
2018,BRK,Eastern,Atlantic,28,54,82,0.34,17.0,11.0,1533.0,5,13.307697325505545,12.280000000000001,0.5398369210697977,0.526,-1.7898238747553814,-2.3600000000000003,-0.5669928245270711,-0.72,21.181800391389434,22.660000000000004,1.0155316373124592,0.966
2018,CHI,Eastern,Central,27,55,82,0.33,18.0,12.0,2221.0,5,14.754029716343988,13.459999999999999,0.5326159387663215,0.524,0.19909950472760024,-0.6599999999999999,-0.635389464205313,-0.72,19.965826204412426,18.98,2.1075416479063485,2.124
2018,CHO,Eastern,Southeast,36,46,82,0.44,14.0,9.0,262.0,1,25.0,25.0,0.61,0.61,2.7,2.7,0.1,0.1,19.7,19.7,1.25,1.25
2018,CLE,Eastern,Central,50,32,82,0.61,4.0,3.0,1439.0,3,16.701945795691454,16.166666666666668,0.5583738707435718,0.5533333333333333,0.3544822793606671,0.06666666666666665,-1.2969423210562891,-1.5333333333333332,21.958999305072968,22.233333333333334,1.7381653926337732,1.6466666666666665
2018,DAL,Western,Southwest,24,58,82,0.29,21.0,8.0,1044.0,2,9.826436781609194,9.55,0.5542145593869732,0.5449999999999999,-2.486973180076628,-2.65,-0.914176245210728,-0.9,15.78505747126437,15.7,1.302758620689655,1.29
2018,DEN,Western,Northwest,46,36,82,0.56,8.0,4.0,810.0,2,11.476666666666665,11.05,0.5494814814814816,0.54,-1.2709876543209877,-1.35,-1.7658024691358025,-1.75,16.763703703703705,16.1,2.072530864197531,1.875
2018,DET,Eastern,Central,39,43,82,0.48,13.0,8.0,978.0,2,11.898568507157464,12.0,0.533803680981595,0.53,-2.243660531697342,-2.25,-0.41830265848670756,-0.44999999999999996,20.584355828220858,21.25,1.314642126789366,1.3399999999999999
2018,HOU,Western,Southwest,65,17,82,0.79,1.0,1.0,505.0,1,6.8,6.8,0.48,0.48,-3.3,-3.3,0.0,0.0,14.1,14.1,2.12,2.12
2018,IND,Eastern,Central,48,34,82,0.59,5.0,4.0,607.0,2,12.52833607907743,12.75,0.5211367380560132,0.52,-0.801153212520593,-0.75,-0.13179571663920922,-0.2,14.13970345963756,14.35,2.8352553542009886,2.75
2018,LAC,Western,Pacific,42,40,82,0.51,12.0,5.0,274.0,1,11.4,11.4,0.63,0.63,0.0,0.0,0.2,0.2,14.3,14.3,1.4,1.4
2018,LAL,Western,Pacific,35,47,82,0.43,15.0,6.0,684.0,2,10.833333333333334,9.850000000000001,0.5133333333333333,0.51,-1.7,-2.2,-2.8000000000000003,-2.1,24.2,21.95,1.3733333333333333,1.28
2018,MEM,Western,Southwest,22,60,82,0.27,23.0,9.0,744.0,2,14.42258064516129,14.5,0.5339516129032258,0.5349999999999999,-0.9846774193548385,-0.9500000000000001,1.4064516129032258,1.4,15.306451612903226,15.3,1.3804032258064516,1.385
2018,MIA,Eastern,Southeast,44,38,82,0.54,9.0,5.0,1050.0,3,12.110571428571427,11.9,0.5160952380952382,0.5266666666666667,-2.9365714285714284,-3.0,-0.16657142857142856,-0.19999999999999998,21.72495238095238,19.96666666666667,2.017095238095238,2.1166666666666667
2018,MIL,Eastern,Central,44,38,82,0.54,9.0,5.0,406.0,1,17.1,17.1,0.62,0.62,-0.3,-0.3,-1.8000000000000003,-1.8,13.900000000000002,13.9,1.6,1.6
2018,NOP,Western,Southwest,48,34,82,0.59,5.0,2.0,626.0,2,13.042012779552714,12.549999999999999,0.532555910543131,0.53,-2.8880191693290738,-3.1500000000000004,-0.24361022364217252,-0.25,16.362460063897764,16.65,0.5302236421725239,0.52
2018,NYK,Eastern,Atlantic,29,53,82,0.35,16.0,10.0,1734.0,5,11.17226066897347,11.220000000000002,0.4955651672433679,0.504,-2.4207035755478663,-2.4799999999999995,0.04821222606689736,0.06000000000000001,18.20017301038062,17.919999999999998,1.8591810841983851,1.7419999999999998
2018,ORL,Eastern,Southeast,25,57,82,0.3,20.0,13.0,1105.0,3,7.676832579185522,7.066666666666667,0.4495022624434389,0.4466666666666667,-4.403619909502263,-4.566666666666666,0.2090497737556559,-0.4333333333333334,15.844796380090498,16.066666666666666,1.42579185520362,1.6433333333333333
2018,PHI,Eastern,Atlantic,52,30,82,0.63,3.0,2.0,1291.0,2,14.371649883811,14.399999999999999,0.5913787761425252,0.585,-0.5149496514329976,-0.6,-0.585437645236251,-0.55,19.92873741285825,19.950000000000003,1.2129512006196748,1.225
2018,PHO,Western,Pacific,21,61,82,0.26,24.0,10.0,2137.0,6,14.060973327094057,13.033333333333331,0.5407814693495555,0.5266666666666667,-0.8948993916705662,-1.2833333333333332,-0.29241927936359385,-0.44999999999999996,17.714599906410857,17.383333333333336,2.0921431913897988,2.1199999999999997
2018,SAC,Western,Pacific,27,55,82,0.33,18.0,7.0,663.0,2,10.002714932126697,9.85,0.5126395173453997,0.51,-3.599095022624434,-3.65,0.08959276018099553,0.050000000000000044,13.799095022624433,13.85,1.1202865761689291,1.125
2018,UTA,Western,Northwest,48,34,82,0.59,5.0,2.0,744.0,1,10.8,10.8,0.5,0.5,-1.9,-1.9,0.2,0.2,21.3,21.3,1.25,1.25
2018,WAS,Eastern,Southeast,43,39,82,0.52,11.0,7.0,225.0,1,14.9,14.9,0.53,0.53,-0.1,-0.1,-1.5,-1.5,19.1,19.1,3.3,3.3
2019,ATL,Eastern,Southeast,29,53,82,0.35,21.0,8.0,509.0,2,10.15599214145383,9.649999999999999,0.5259135559921414,0.515,-2.9408644400785855,-3.05,-0.7996070726915521,-0.75,14.801178781925342,14.95,1.3981335952848726,1.415
2019,BRK,Eastern,Atlantic,42,40,82,0.51,11.0,4.0,211.0,1,8.1,8.1,0.49,0.49,-3.6,-3.6,0.4,0.4,20.0,20.0,1.2,1.2
2019,CHI,Eastern,Central,22,60,82,0.27,22.0,9.0,1077.0,2,13.042896935933147,13.1,0.5249303621169916,0.525,-1.4771587743732588,-1.45,-1.8423398328690805,-1.85,21.430362116991642,21.5,1.1672980501392758,1.165
2019,CLE,Eastern,Central,19,63,82,0.23,23.0,10.0,2453.0,7,10.159722788422338,9.77142857142857,0.5209580105992663,0.5228571428571428,-2.335792906644924,-2.414285714285714,-1.799673868732165,-1.7714285714285718,16.327231960864246,15.914285714285715,1.4508275580921322,1.2685714285714285
2019,DAL,Western,Southwest,33,49,82,0.4,17.0,11.0,1235.0,3,14.096923076923078,13.366666666666665,0.5525991902834009,0.5399999999999999,0.05085020242914994,-0.5333333333333333,-0.8736842105263158,-0.6333333333333332,18.635303643724697,18.3,3.839676113360324,3.5833333333333335
2019,DET,Eastern,Central,41,41,82,0.5,12.0,5.0,563.0,1,10.2,10.2,0.51,0.51,-2.9,-2.9,0.8,0.8,13.7,13.7,1.12,1.12
2019,GSW,Western,Pacific,57,25,82,0.7,3.0,1.0,410.0,1,15.3,15.3,0.72,0.72,-0.6,-0.6,1.7,1.7,11.1,11.1,1.71,1.71
2019,HOU,Western,Southwest,53,29,82,0.65,4.0,2.0,992.0,2,15.83125,14.05,0.5583870967741935,0.54,-0.7409274193548387,-1.35,-0.9068548387096774,-0.7000000000000001,17.434879032258067,16.549999999999997,1.0982459677419356,1.235
2019,LAC,Western,Pacific,48,34,82,0.59,9.0,6.0,1881.0,5,12.062892078681553,10.580000000000002,0.5472301967038808,0.5399999999999999,-2.0861775651249337,-2.5799999999999996,-0.49643806485911746,-0.8,16.184582668793194,16.22,1.367878787878788,1.3800000000000001
2019,LAL,Western,Pacific,37,45,82,0.45,15.0,9.0,1445.0,4,14.335570934256056,14.35,0.5718892733564013,0.5700000000000001,-1.1915570934256055,-1.15,0.14325259515570934,0.125,19.48152249134948,19.799999999999997,1.5329342560553634,1.55
2019,MEM,Western,Southwest,33,49,82,0.4,17.0,11.0,2890.0,7,11.282802768166091,9.599999999999998,0.49316262975778546,0.47285714285714286,-2.410795847750865,-3.314285714285714,-0.49083044982698965,-0.7999999999999998,19.39083044982699,18.642857142857142,2.0884221453287197,1.7957142857142858
2019,MIA,Eastern,Southeast,39,43,82,0.48,13.0,6.0,694.0,2,10.05763688760807,9.2,0.540720461095101,0.53,-1.3727665706051875,-2.15,0.7144092219020173,0.5,15.920028818443804,15.25,1.7680115273775217,1.5
2019,MIL,Eastern,Central,60,22,82,0.73,1.0,1.0,411.0,1,9.1,9.1,0.51,0.51,-2.8,-2.8,0.6,0.6,15.099999999999998,15.1,1.57,1.57
2019,MIN,Western,Northwest,36,46,82,0.44,16.0,10.0,651.0,2,12.929032258064515,12.5,0.5860215053763441,0.585,-0.396774193548387,-0.55,-0.6580645161290323,-0.75,15.123655913978494,14.95,1.7278494623655913,1.83
2019,NOP,Western,Southwest,33,49,82,0.4,17.0,11.0,624.0,2,7.691666666666667,7.9,0.5120833333333333,0.51,-3.5979166666666664,-3.65,-0.016666666666666677,-0.1,14.902083333333334,15.85,1.17625,1.17
2019,NYK,Eastern,Atlantic,17,65,82,0.21,25.0,11.0,969.0,3,13.131578947368421,12.800000000000002,0.5462951496388029,0.5433333333333333,-0.7131062951496389,-0.8666666666666666,-0.8149638802889577,-0.9,18.302889576883384,18.233333333333334,2.485510835913313,2.3866666666666667
2019,OKC,Western,Northwest,49,33,82,0.6,8.0,5.0,387.0,1,10.4,10.4,0.48,0.48,-2.8,-2.8,0.1,0.1,18.0,18.0,2.67,2.67
2019,PHI,Eastern,Atlantic,51,31,82,0.62,6.0,3.0,2147.0,6,11.491057289240802,12.266666666666667,0.5287517466231951,0.5316666666666667,-1.7206800186306472,-1.5166666666666666,-0.5073591057289241,-0.35000000000000003,16.68421052631579,17.0,1.9162785281788541,2.0483333333333333
2019,PHO,Western,Pacific,19,63,82,0.23,23.0,14.0,278.0,1,4.6,4.6,0.42,0.42,-4.5,-4.5,-1.8999999999999997,-1.9,12.1,12.1,1.38,1.38
2019,POR,Western,Northwest,53,29,82,0.65,4.0,2.0,1171.0,2,16.40913748932536,17.2,0.5762339880444065,0.5800000000000001,0.18010247651579855,0.45000000000000007,-0.7372331340734415,-0.8,19.404355251921434,19.85,1.4052775405636209,1.34
2019,SAC,Western,Pacific,39,43,82,0.48,13.0,8.0,664.0,2,11.295180722891565,11.25,0.5459036144578313,0.545,-2.1879518072289157,-2.2,0.8481927710843374,0.8,13.144578313253012,13.25,1.8596385542168674,1.825
2019,SAS,Western,Southwest,48,34,82,0.59,9.0,6.0,330.0,1,18.0,18.0,0.54,0.54,1.6,1.6,2.3,2.3,15.8,15.8,3.8,3.8
2019,TOR,Eastern,Atlantic,58,24,82,0.71,2.0,2.0,777.0,2,8.421364221364222,8.45,0.5087001287001287,0.515,-4.957271557271557,-4.9,0.861003861003861,1.05,15.151351351351352,14.55,2.0,2.0
2019,UTA,Western,Northwest,50,32,82,0.61,7.0,4.0,269.0,1,12.4,12.4,0.55,0.55,-0.4,-0.4,-0.2,-0.2,23.2,23.2,1.33,1.33
2019,WAS,Eastern,Southeast,32,50,82,0.39,20.0,7.0,2453.0,4,12.654626987362414,12.85,0.5444150020383205,0.5449999999999999,-1.694659600489197,-1.5999999999999999,-0.9788830004076642,-0.95,20.190460660415816,20.2,1.2068895230330208,1.3
2022,BOS,Eastern,Atlantic,51,31,82,0.62,4.0,2.0,1106.0,2,14.356871609403255,14.95,0.5826401446654612,0.6000000000000001,-1.2578661844484627,-1.2,0.6421338155515371,0.7,17.34719710669078,17.0,2.3905515370705244,2.175
2022,BRK,Eastern,Atlantic,44,38,82,0.54,11.0,7.0,1554.0,4,14.591891891891892,13.399999999999999,0.5037773487773487,0.4875,-1.5649292149292147,-2.05,-0.5715572715572715,-0.5,18.194723294723296,17.7,1.7077670527670528,1.8050000000000002
2022,CHI,Eastern,Central,46,36,82,0.56,10.0,6.0,948.0,4,11.835021097046415,11.15,0.5608649789029536,0.5599999999999999,-2.469409282700422,-2.75,-1.5683544303797468,-1.7249999999999999,14.279113924050634,14.150000000000002,1.094620253164557,1.1125
2022,CHO,Eastern,Southeast,43,39,82,0.52,13.0,9.0,743.0,2,20.019919246298787,18.85,0.6375773889636609,0.615,1.804172274562584,1.25,-1.3305518169582773,-1.7000000000000002,21.210632570659488,22.75,2.2524226110363395,2.2750000000000004
2022,CLE,Eastern,Central,44,38,82,0.54,11.0,7.0,408.0,1,13.9,13.9,0.57,0.57,-0.7,-0.7,1.0,1.0,16.2,16.2,3.06,3.06
2022,DAL,Western,Southwest,52,30,82,0.63,3.0,2.0,956.0,2,16.50334728033473,15.1,0.5943933054393306,0.5800000000000001,1.7757322175732215,1.2,-0.028033472803347278,-0.09999999999999999,20.50753138075314,19.5,3.160041841004184,3.25
2022,DEN,Western,Northwest,48,34,82,0.59,8.0,4.0,516.0,2,10.064341085271316,10.7,0.5282170542635659,0.56,-2.2837209302325583,-1.95,0.351937984496124,0.04999999999999999,14.790697674418604,14.6,2.1331007751937987,2.06
2022,DET,Eastern,Central,23,59,82,0.28,24.0,13.0,873.0,2,14.804467353951889,14.399999999999999,0.6019358533791523,0.605,-0.3458190148911799,-0.45,-0.5928980526918671,-0.55,17.33928980526919,16.8,1.2228407789232532,1.24
2022,HOU,Western,Southwest,20,62,82,0.24,26.0,12.0,1721.0,5,10.271005229517723,10.0,0.5159558396281232,0.506,-3.187914003486345,-3.4200000000000004,-0.8728646135967459,-0.72,16.84148750726322,16.419999999999998,1.4664439279488672,1.582
2022,IND,Eastern,Central,25,57,82,0.3,22.0,12.0,1932.0,4,13.988146997929606,12.875,0.5349223602484472,0.525,-0.7207556935817804,-1.375,-0.4762422360248447,-0.65,17.596273291925467,17.425,2.453245341614907,2.285
2022,LAC,Western,Pacific,42,40,82,0.51,14.0,5.0,509.0,1,19.4,19.4,0.68,0.68,1.9,1.9,2.2,2.2,16.7,16.7,1.43,1.43
2022,LAL,Western,Pacific,33,49,82,0.4,19.0,8.0,1435.0,4,8.923135888501744,9.075,0.5091289198606271,0.5075000000000001,-3.004250871080139,-3.0999999999999996,-0.9183275261324042,-0.95,13.459233449477352,13.899999999999999,2.1191707317073174,2.0525
2022,MIA,Eastern,Southeast,53,29,82,0.65,2.0,1.0,542.0,2,10.67490774907749,10.65,0.5364944649446495,0.535,-2.265313653136532,-2.35,-0.03985239852398523,0.0,17.808856088560884,17.5,2.218929889298893,2.335
2022,MIL,Eastern,Central,51,31,82,0.62,4.0,2.0,2025.0,7,11.010172839506174,10.642857142857142,0.5288790123456789,0.5199999999999999,-2.435654320987654,-2.7142857142857144,-0.7316049382716049,-0.7571428571428571,15.971407407407407,16.185714285714287,2.2194814814814814,2.132857142857143
2022,NOP,Western,Southwest,36,46,82,0.44,16.0,6.0,618.0,2,9.262135922330097,9.2,0.5237864077669901,0.53,-2.4414239482200646,-2.4,-0.9310679611650485,-0.8999999999999999,18.04190938511327,17.55,1.4524595469255663,1.4100000000000001
2022,NYK,Eastern,Atlantic,37,45,82,0.45,15.0,10.0,1413.0,3,14.262915782024063,13.866666666666667,0.5604741684359519,0.5633333333333334,-0.5020523708421797,-0.9333333333333332,1.495116772823779,1.5,15.891436659589525,16.2,1.7659306440198161,1.5233333333333334
2022,OKC,Western,Northwest,24,58,82,0.29,23.0,11.0,886.0,2,13.475169300225733,13.5,0.6122686230248308,0.615,-1.7028216704288939,-1.75,-1.037584650112867,-1.05,15.78939051918736,15.7,1.7397291196388263,1.7
2022,ORL,Eastern,Southeast,22,60,82,0.27,25.0,14.0,555.0,2,12.218918918918918,9.9,0.4778378378378379,0.46,-2.4891891891891893,-3.5,-0.33783783783783783,-0.6499999999999999,23.74054054054054,22.15,1.7621621621621621,1.45
2022,PHI,Eastern,Atlantic,51,31,82,0.62,4.0,2.0,214.0,1,16.5,16.5,0.62,0.62,-1.6,-1.6,-1.4,-1.4,16.0,16.0,0.5,0.5
2022,PHO,Western,Pacific,64,18,82,0.78,1.0,1.0,1302.0,3,13.6826420890937,14.066666666666668,0.5515668202764977,0.55,-1.6525345622119816,-1.5999999999999999,0.3242703533026114,0.2333333333333333,17.98847926267281,18.5,1.311720430107527,1.3566666666666667
2022,POR,Western,Northwest,27,55,82,0.33,21.0,10.0,677.0,2,10.779025110782865,10.45,0.5110930576070901,0.505,-3.7683899556868536,-3.9,-1.6183161004431312,-1.65,16.042688330871492,16.05,1.2636632200886262,1.27
2022,SAC,Western,Pacific,30,52,82,0.37,20.0,9.0,1534.0,3,14.090743155149935,14.033333333333333,0.5543285528031292,0.5499999999999999,-0.22314211212516302,-0.2333333333333333,-0.6727509778357236,-0.7666666666666666,18.37633637548892,18.46666666666667,1.916975228161669,1.9566666666666668
2022,SAS,Western,Southwest,34,48,82,0.41,18.0,7.0,1385.0,3,16.098772563176894,16.333333333333332,0.5809530685920578,0.58,-0.26433212996389893,-0.19999999999999996,0.732202166064982,0.8333333333333334,19.210324909747293,19.2,1.6687148014440434,1.6900000000000002
2022,TOR,Eastern,Atlantic,48,34,82,0.59,8.0,5.0,475.0,1,15.8,15.8,0.53,0.53,-0.2,-0.2,2.2,2.2,16.0,16.0,2.12,2.12
2022,UTA,Western,Northwest,49,33,82,0.6,7.0,3.0,984.0,3,14.116361788617887,14.866666666666667,0.6448475609756097,0.6633333333333332,0.3470528455284553,0.06666666666666665,0.6405487804878048,0.6,13.796646341463417,13.9,1.3178556910569106,1.09
2022,WAS,Eastern,Southeast,35,47,82,0.43,17.0,11.0,1470.0,3,15.308027210884356,15.333333333333334,0.5456462585034014,0.5533333333333333,-0.8921768707482993,-0.8999999999999999,-0.4600680272108843,-0.4333333333333333,17.894149659863945,17.4,3.2236462585034014,3.22
2023,ATL,Eastern,Southeast,41,41,82,0.5,16.0,7.0,1317.0,3,10.446165527714504,9.133333333333333,0.5309339407744875,0.5066666666666667,-1.2702353834472286,-2.233333333333333,-0.718299164768413,-0.5333333333333333,15.119058466211085,14.333333333333334,2.1684586180713743,2.2266666666666666
2023,BOS,Eastern,Atlantic,57,25,82,0.7,2.0,2.0,323.0,1,11.6,11.6,0.62,0.62,-1.5,-1.5,0.10000000000000002,0.1,14.0,14.0,1.2,1.2
2023,BRK,Eastern,Atlantic,45,37,82,0.55,8.0,5.0,775.0,2,12.976129032258065,12.5,0.5726451612903226,0.5700000000000001,-1.5470967741935484,-1.6,-0.4161290322580645,-0.35,18.950967741935482,18.25,1.6545806451612906,1.685
2023,CHO,Eastern,Southeast,27,55,82,0.33,25.0,12.0,428.0,1,13.8,13.8,0.57,0.57,0.3,0.3,-0.8,-0.8,19.5,19.5,2.25,2.25
2023,DAL,Western,Southwest,38,44,82,0.46,19.0,11.0,630.0,2,10.058730158730159,9.9,0.5119047619047619,0.51,-3.164285714285714,-3.25,-0.19126984126984126,-0.15000000000000002,15.635714285714286,15.549999999999999,2.2976190476190474,2.25
2023,DEN,Western,Northwest,53,29,82,0.65,4.0,1.0,524.0,2,10.095419847328245,10.4,0.5073854961832062,0.515,-4.034732824427482,-4.1,-1.6520992366412215,-1.75,19.782824427480918,19.5,1.6371564885496184,1.375
2023,DET,Eastern,Central,17,65,82,0.21,27.0,13.0,762.0,2,10.23005249343832,10.25,0.5402099737532808,0.54,-2.951049868766404,-2.95,-1.302099737532808,-1.2999999999999998,18.62795275590551,18.65,0.9559448818897639,0.9550000000000001
2023,GSW,Western,Pacific,44,38,82,0.54,10.0,5.0,262.0,1,17.1,17.1,0.66,0.66,-1.3,-1.3,-0.5,-0.5,20.0,20.0,1.0,1.0
2023,IND,Eastern,Central,35,47,82,0.43,21.0,9.0,591.0,1,14.399999999999999,14.4,0.59,0.59,0.4,0.4,-2.2,-2.2,21.2,21.2,1.62,1.62
2023,LAC,Western,Pacific,44,38,82,0.54,10.0,5.0,705.0,2,16.51148936170213,15.8,0.6755744680851063,0.64,-0.46283687943262414,-0.7,0.5316312056737588,0.25,18.20269503546099,20.1,1.4823687943262414,1.5550000000000002
2023,LAL,Western,Pacific,43,39,82,0.52,13.0,7.0,1246.0,2,11.45561797752809,11.45,0.5601284109149278,0.56,-1.9990369181380419,-2.0,0.6540128410914928,0.6499999999999999,16.686516853932584,16.7,1.2257223113964686,1.225
2023,MEM,Western,Southwest,51,31,82,0.62,5.0,2.0,590.0,1,16.0,16.0,0.76,0.76,3.0,3.0,-0.2,-0.2,13.7,13.7,3.29,3.29
2023,MIA,Eastern,Southeast,44,38,82,0.54,10.0,6.0,1080.0,4,13.736018518518518,13.950000000000001,0.5866666666666667,0.5950000000000001,-1.5431481481481482,-1.725,0.10944444444444448,0.125,17.758518518518517,17.675,1.534564814814815,1.4600000000000002
2023,MIL,Eastern,Central,58,24,82,0.71,1.0,1.0,525.0,2,12.90857142857143,12.2,0.5953333333333334,0.585,-1.556190476190476,-2.25,0.7123809523809524,0.55,14.221904761904762,14.65,2.580095238095238,2.09
2023,MIN,Western,Northwest,42,40,82,0.51,14.0,8.0,624.0,2,8.13974358974359,7.9,0.5,0.5,-3.4878205128205124,-3.65,-0.9294871794871795,-1.0,16.827564102564104,16.75,2.598076923076923,2.45
2023,NOP,Western,Southwest,42,40,82,0.51,14.0,8.0,533.0,1,9.9,9.9,0.55,0.55,-2.9,-2.9,1.5,1.5,14.5,14.5,1.6,1.6
2023,NYK,Eastern,Atlantic,47,35,82,0.57,7.0,4.0,1985.0,4,12.11521410579345,11.175,0.5750579345088161,0.5475,-1.2560201511335012,-1.7500000000000002,0.5002518891687657,0.125,16.608564231738036,17.700000000000003,1.918206549118388,1.8475
2023,OKC,Western,Northwest,40,42,82,0.49,18.0,10.0,545.0,2,13.2548623853211,13.25,0.5901100917431192,0.5900000000000001,-2.145871559633028,-2.1500000000000004,-0.3497247706422018,-0.35,19.501284403669725,19.5,0.8051743119266056,0.8049999999999999
2023,ORL,Eastern,Southeast,34,48,82,0.41,23.0,11.0,1134.0,3,12.565961199294533,13.766666666666667,0.5424514991181657,0.5566666666666666,-1.483862433862434,-1.1666666666666667,0.6858024691358026,0.7000000000000001,14.78915343915344,15.199999999999998,2.0297707231040567,1.9833333333333334
2023,PHI,Eastern,Atlantic,54,28,82,0.66,3.0,3.0,419.0,1,12.5,12.5,0.58,0.58,-2.5,-2.5,-0.10000000000000002,-0.1,16.1,16.1,1.6000000000000003,1.6
2023,PHO,Western,Pacific,45,37,82,0.55,8.0,4.0,946.0,3,13.23646934460888,12.966666666666667,0.5179915433403806,0.51,-1.434249471458774,-1.6333333333333335,0.5519027484143763,0.5666666666666668,18.6992600422833,18.266666666666666,4.643816067653277,4.426666666666667
2023,POR,Western,Northwest,33,49,82,0.4,24.0,13.0,1611.0,4,9.81353196772191,9.675,0.5153569211669771,0.5325,-3.140782122905028,-3.2,-0.20080695220360034,-0.375,14.745872129112351,14.150000000000002,2.4369459962756053,2.7874999999999996
2023,SAC,Western,Pacific,48,34,82,0.59,6.0,3.0,306.0,1,10.0,10.0,0.57,0.57,-2.3,-2.3,-0.1,-0.1,11.7,11.7,2.5,2.5
2023,SAS,Western,Southwest,22,60,82,0.27,26.0,14.0,1691.0,4,13.95002956830278,13.925,0.5690479006505027,0.5725,-0.5580130100532231,-0.675,-1.703370786516854,-1.775,17.859846244825548,17.725,2.02725606150207,1.8975
2023,TOR,Eastern,Atlantic,41,41,82,0.5,16.0,7.0,470.0,2,9.9,9.9,0.47755319148936165,0.475,-2.844893617021276,-2.8499999999999996,0.7204255319148937,0.7,13.503829787234041,13.8,5.775531914893617,5.75
2023,UTA,Western,Northwest,37,45,82,0.45,20.0,12.0,1436.0,4,12.813857938718664,11.225,0.5867130919220056,0.575,-1.8706128133704734,-2.5,0.4522284122562673,0.02499999999999994,15.952019498607244,15.325,2.4126810584958216,2.1525
2023,WAS,Eastern,Southeast,35,47,82,0.43,21.0,9.0,423.0,1,7.2,7.2,0.45,0.45,-5.8,-5.8,-1.7,-1.7,20.5,20.5,1.67,1.67
2024,ATL,Eastern,Southeast,36,46,82,0.44,17.0,8.0,398.0,2,7.8311557788944715,7.85,0.4606030150753769,0.45999999999999996,-4.198492462311558,-4.199999999999999,0.10452261306532666,0.1,17.223115577889445,17.299999999999997,2.2030653266331655,2.21
2024,BOS,Eastern,Atlantic,64,18,82,0.78,1.0,1.0,607.0,2,18.5665568369028,18.1,0.6238879736408567,0.62,-0.36738056013179565,-0.45,1.1902800658978583,1.2000000000000002,14.597858319604612,14.35,2.271202635914333,2.365
2024,BRK,Eastern,Atlantic,32,50,82,0.39,18.0,9.0,729.0,2,15.234156378600824,15.25,0.6004526748971194,0.6,-0.6522633744855967,-0.65,1.478875171467764,1.5,13.609053497942387,13.6,2.1396844993141286,2.155
2024,CHI,Eastern,Central,39,43,82,0.48,16.0,7.0,268.0,1,5.0,5.0,0.46,0.46,-5.4,-5.4,-2.0,-2.0,15.800000000000002,15.8,1.5,1.5
2024,CHO,Eastern,Southeast,21,61,82,0.26,23.0,11.0,2407.0,5,11.792604902368092,11.120000000000001,0.5790112172829247,0.5660000000000001,-2.1653095139177396,-2.8600000000000003,-0.38637307852098046,-0.2,15.87831325301205,14.239999999999998,1.8704113003739093,2.048
2024,DAL,Western,Southwest,50,32,82,0.61,5.0,4.0,860.0,2,21.941046511627906,19.45,0.7148837209302326,0.6699999999999999,1.1496511627906978,0.050000000000000044,2.2976744186046507,1.4,15.876395348837208,15.45,1.5448837209302324,1.5
2024,DET,Eastern,Central,14,68,82,0.17,26.0,13.0,2969.0,8,10.137015830245875,9.850000000000001,0.5265813405186932,0.5325,-3.0138430447962277,-3.025,-0.5428427079824857,-0.5125,16.939609296059277,16.4,1.7061737958908725,1.71375
2024,GSW,Western,Pacific,46,36,82,0.56,13.0,8.0,296.0,1,6.2,6.2,0.47000000000000003,0.47,-4.0,-4.0,-0.7,-0.7,11.3,11.3,3.2,3.2
2024,HOU,Western,Southwest,41,41,82,0.5,15.0,9.0,480.0,1,17.1,17.1,0.53,0.53,-0.4,-0.4,2.0,2.0,19.8,19.8,1.3300000000000003,1.33
2024,IND,Eastern,Central,47,35,82,0.57,10.0,4.0,387.0,2,9.827906976744185,9.95,0.54,0.54,-2.432558139534884,-2.4,-2.2,-2.2,18.699224806201553,18.9,2.5211627906976743,2.465
2024,LAC,Western,Pacific,51,31,82,0.62,4.0,3.0,420.0,1,6.1,6.1,0.5,0.5,-3.9,-3.9,0.3,0.3,5.5,5.5,3.0,3.0
2024,LAL,Western,Pacific,47,35,82,0.57,10.0,7.0,1259.0,2,9.661318506751389,9.8,0.585385226370135,0.585,-3.0615567911040507,-3.05,0.5460683081810962,0.6,11.969261318506751,11.95,1.8462271644162034,1.7999999999999998
2024,MEM,Western,Southwest,27,55,82,0.33,20.0,11.0,836.0,2,13.936363636363636,13.899999999999999,0.5243181818181819,0.525,-1.665909090909091,-1.65,-0.8727272727272728,-0.9,22.404545454545456,22.4,1.9336363636363636,1.96
2024,MIA,Eastern,Southeast,46,36,82,0.56,13.0,6.0,259.0,1,11.5,11.5,0.54,0.54,-2.5,-2.5,0.2,0.2,16.7,16.7,1.33,1.33
2024,MIL,Eastern,Central,49,33,82,0.6,7.0,3.0,543.0,1,11.4,11.4,0.52,0.52,-1.6,-1.6,1.2,1.2,13.2,13.2,4.33,4.33
2024,MIN,Western,Northwest,56,26,82,0.68,3.0,2.0,408.0,1,13.9,13.9,0.54,0.54,-0.2,-0.2,2.2,2.2,14.3,14.3,11.5,11.5
2024,NOP,Western,Southwest,49,33,82,0.6,7.0,5.0,390.0,1,9.0,9.0,0.64,0.64,-1.4,-1.4,-1.3,-1.3,15.4,15.4,0.86,0.86
2024,NYK,Eastern,Atlantic,50,32,82,0.61,5.0,2.0,1033.0,3,7.914036786060019,6.6000000000000005,0.47731848983543085,0.4366666666666667,-3.871442400774443,-4.733333333333333,-2.251210067763795,-1.8333333333333333,22.415295256534367,19.6,1.0798838334946756,1.3266666666666667
2024,OKC,Western,Northwest,57,25,82,0.7,2.0,1.0,447.0,1,10.3,10.3,0.56,0.56,-2.4,-2.4,-0.2,-0.2,13.4,13.4,2.67,2.67
2024,PHI,Eastern,Atlantic,47,35,82,0.57,10.0,4.0,419.0,1,14.1,14.1,0.59,0.59,-0.9,-0.9,3.0,3.0,11.4,11.4,1.75,1.75
2024,PHO,Western,Pacific,49,33,82,0.6,7.0,5.0,382.0,1,5.4,5.4,0.5,0.5,-4.6,-4.6,-1.4,-1.4,13.6,13.6,0.5,0.5
2024,POR,Western,Northwest,21,61,82,0.26,23.0,13.0,898.0,3,9.747216035634743,9.5,0.5178619153674833,0.5299999999999999,-4.19977728285078,-4.633333333333334,0.5966592427616926,0.7666666666666666,14.881514476614697,14.033333333333333,2.417995545657016,2.203333333333333
2024,SAS,Western,Southwest,22,60,82,0.27,22.0,12.0,518.0,2,12.684749034749036,13.55,0.594980694980695,0.62,-2.525096525096525,-2.4,0.683011583011583,1.1,15.465057915057915,14.850000000000001,2.358880308880309,2.19
2024,TOR,Eastern,Atlantic,25,57,82,0.3,21.0,10.0,2651.0,7,11.550433798566578,11.7,0.5190116937004904,0.53,-2.5728781591852132,-2.414285714285714,-0.43228970199924555,-0.2571428571428572,15.889739720860051,15.200000000000001,2.2974198415692193,2.6557142857142857
2024,UTA,Western,Northwest,31,51,82,0.38,19.0,10.0,558.0,2,10.066666666666666,10.3,0.6166666666666666,0.615,-1.4666666666666666,-1.45,-1.7666666666666668,-1.55,13.299999999999999,12.7,1.5833333333333333,1.52
2024,WAS,Eastern,Southeast,15,67,82,0.18,25.0,12.0,1851.0,5,14.829551593733116,14.0,0.5729713668287412,0.564,-1.0558616963803351,-1.44,-1.349216639654241,-1.3199999999999998,17.610913019989198,17.06,1.404430037817396,1.466
2025,ATL,Eastern,Southeast,40,42,82,0.49,11.0,7.0,2743.0,5,12.609405760116664,12.6,0.5769558877141815,0.58,-0.8203062340503099,-0.8599999999999998,-0.6661684287276705,-0.47999999999999987,18.726394458621943,18.139999999999997,1.9183922712358734,1.884
2025,BOS,Eastern,Atlantic,61,21,82,0.74,2.0,2.0,201.0,1,10.5,10.5,0.47,0.47,-3.4,-3.4,0.7,0.7,12.3,12.3,1.4,1.4
2025,BRK,Eastern,Atlantic,26,56,82,0.32,20.0,11.0,1701.0,4,11.453733098177544,11.1,0.5516931216931217,0.555,-2.1292181069958844,-2.05,-0.6684891240446795,-0.925,18.339388594944154,18.4,1.8926219870664318,1.7349999999999999
2025,CHI,Eastern,Central,39,43,82,0.48,13.0,8.0,552.0,1,17.2,17.2,0.64,0.64,-0.1,-0.1,0.2,0.2,17.1,17.1,1.62,1.62
2025,CHO,Eastern,Southeast,19,63,82,0.23,23.0,13.0,2579.0,7,13.325164792555253,13.014285714285716,0.542865451725475,0.5371428571428571,-2.361574253586661,-2.4285714285714284,0.33264831329972855,0.27142857142857135,18.9020938348197,19.014285714285712,1.3611283443195037,1.3614285714285714
2025,CLE,Eastern,Central,64,18,82,0.78,1.0,1.0,676.0,1,16.2,16.2,0.63,0.63,1.6000000000000003,1.6,0.0,0.0,20.5,20.5,1.44,1.44
2025,DAL,Western,Southwest,39,43,82,0.48,13.0,6.0,372.0,1,13.6,13.6,0.59,0.59,-1.2,-1.2,-1.1,-1.1,19.6,19.6,2.55,2.55
2025,DEN,Western,Northwest,50,32,82,0.61,4.0,1.0,210.0,1,7.7,7.7,0.45,0.45,-4.4,-4.4,-0.4,-0.4,15.6,15.6,1.56,1.56
2025,DET,Eastern,Central,44,38,82,0.54,10.0,6.0,924.0,2,12.781493506493506,12.65,0.5294805194805194,0.54,-1.0896103896103895,-1.3,-0.5126623376623376,0.25,17.94090909090909,16.1,3.6818181818181817,3.24
2025,IND,Eastern,Central,50,32,82,0.61,4.0,4.0,381.0,1,14.7,14.7,0.58,0.58,-1.2,-1.2,0.8,0.8,17.7,17.7,3.17,3.17
2025,LAC,Western,Pacific,50,32,82,0.61,4.0,1.0,869.0,3,14.102761795166858,14.266666666666666,0.5286075949367088,0.5299999999999999,-1.3915995397008056,-1.0999999999999999,2.3741081703107016,2.3333333333333335,17.77583429228999,18.833333333333332,1.9643958573072497,1.97
2025,LAL,Western,Pacific,50,32,82,0.61,4.0,1.0,1532.0,3,12.03191906005222,11.233333333333334,0.5488511749347259,0.56,-1.9395561357702351,-3.033333333333333,-0.3030026109660574,-0.26666666666666666,17.759791122715406,16.033333333333335,2.001279373368146,1.6066666666666667
2025,MEM,Western,Southwest,48,34,82,0.59,8.0,4.0,1610.0,4,10.532857142857143,11.0,0.5083850931677019,0.5175,-2.091055900621118,-1.8,-0.507639751552795,-0.4,18.834844720496893,18.525,2.3844844720496896,2.91
2025,MIA,Eastern,Southeast,37,45,82,0.45,15.0,9.0,712.0,2,15.617275280898877,15.75,0.5353230337078653,0.525,-0.7532303370786516,-0.65,1.3474719101123593,1.2,19.096488764044945,20.35,2.9908426966292136,2.69
2025,MIL,Eastern,Central,48,34,82,0.59,8.0,5.0,939.0,2,13.314376996805112,12.600000000000001,0.5135463258785943,0.495,-0.8015974440894567,-1.1999999999999997,1.0313099041533547,1.1,17.34185303514377,16.6,3.1166134185303513,3.175
2025,NOP,Western,Southwest,21,61,82,0.26,22.0,10.0,554.0,2,10.240433212996392,10.0,0.40397111913357403,0.42000000000000004,-4.259205776173285,-4.7,-1.450541516245487,-1.15,15.8014440433213,15.0,2.2536462093862815,1.895
2025,NYK,Eastern,Atlantic,51,31,82,0.62,3.0,3.0,290.0,1,20.4,20.4,0.68,0.68,1.5,1.5,1.8,1.8,11.1,11.1,1.33,1.33
2025,PHI,Eastern,Atlantic,24,58,82,0.29,21.0,12.0,2231.0,4,13.913088301210221,13.775,0.5876781712236666,0.5925,-0.0964589870013446,-0.175,-1.392828328103989,-1.35,20.625011205737337,20.224999999999998,2.0161004034065444,1.965
2025,PHO,Western,Pacific,36,46,82,0.44,16.0,7.0,943.0,2,13.791092258748675,14.2,0.5711664899257688,0.575,-2.411134676564157,-1.9,0.42555673382820786,0.4,18.476670201484623,18.4,0.8932767762460232,0.915
2025,POR,Western,Northwest,36,46,82,0.44,16.0,7.0,663.0,2,18.005882352941175,17.95,0.6376470588235293,0.635,-0.052941176470588235,-0.05,4.094117647058823,4.15,13.235294117647058,13.3,1.6388235294117646,1.665
2025,SAC,Western,Pacific,40,42,82,0.49,11.0,5.0,367.0,1,10.2,10.2,0.55,0.55,-2.5,-2.5,-0.2,-0.2,14.2,14.2,1.44,1.44
2025,SAS,Western,Southwest,34,48,82,0.41,18.0,9.0,978.0,2,12.936196319018403,13.0,0.575398773006135,0.575,-2.495705521472393,-2.4,0.5061349693251534,0.55,12.25398773006135,12.25,2.719631901840491,2.8600000000000003
2025,TOR,Eastern,Atlantic,30,52,82,0.37,19.0,10.0,1222.0,3,13.273977086743043,13.299999999999999,0.5592962356792144,0.56,-1.5959083469721767,-1.6333333333333335,-0.057855973813420614,0.033333333333333326,19.421685761047467,19.366666666666664,1.6938134206219313,1.6600000000000001
2025,UTA,Western,Northwest,17,65,82,0.21,25.0,11.0,916.0,3,7.882096069868996,7.966666666666668,0.5150655021834061,0.5066666666666667,-4.49825327510917,-4.466666666666666,-0.5187772925764192,-0.3666666666666667,13.299126637554584,13.666666666666666,2.0456331877729257,1.9433333333333334
2025,WAS,Eastern,Southeast,18,64,82,0.22,24.0,14.0,1229.0,3,14.293490642799025,14.033333333333333,0.5476891781936535,0.55,-1.3587469487388122,-1.5666666666666667,-0.7396257119609438,-0.6,20.37941415785191,19.966666666666665,2.3233441822620016,2.25
